date,close,A1_Confluence,A1_conf,A2_GannElliott,A2_conf,A2_wave,A2_trend,A3_DQN,A3_conf,A3_rsi,A4_3Wave,A4_conf,A4_mom5,call_votes,put_votes,hold_votes,confluence_level,majority,agreement_count,entry,stop,target1,target2,target3,avg_confidence
2023-04-26T00:00:00.000Z,404.36,CALL,0.6,CALL,0.65,4,UP,CALL,0.5836208147016131,60.9,PUT,0.55,-2.36,3,1,0,SUPER_3,CALL,3,404.36,396.06,415.85,423.51,435.0,0.61
2023-04-28T00:00:00.000Z,415.93,CALL,0.6,HOLD,0.0,1,UP,CALL,0.5957004287569192,63.7,CALL,0.65,0.9,3,0,1,SUPER_3,CALL,3,415.93,407.51,428.56,436.98,449.61,0.62
2023-05-03T00:00:00.000Z,408.02,CALL,0.6,CALL,0.65,4,UP,HOLD,0.0,49.5,CALL,0.55,0.91,3,0,1,SUPER_3,CALL,3,408.02,398.38,421.37,430.27,443.62,0.6
2023-05-17T00:00:00.000Z,415.23,CALL,0.6,CALL,0.65,4,UP,HOLD,0.0,51.3,CALL,0.65,0.58,3,0,1,SUPER_3,CALL,3,415.23,405.61,428.55,437.43,450.75,0.63
2023-05-18T00:00:00.000Z,419.23,CALL,0.6,HOLD,0.0,5,UP,CALL,0.5777641116980964,56.6,CALL,0.65,1.72,3,0,1,SUPER_3,CALL,3,419.23,410.27,432.67,441.63,455.07,0.61
2023-05-19T00:00:00.000Z,418.62,CALL,0.6,HOLD,0.0,1,UP,CALL,0.5744161509089554,55.8,CALL,0.65,1.71,3,0,1,SUPER_3,CALL,3,418.62,409.52,432.27,441.37,455.02,0.61
2023-05-23T00:00:00.000Z,414.09,CALL,0.6,HOLD,0.0,3,UP,CALL,0.5804369858546339,57.5,CALL,0.65,0.94,3,0,1,SUPER_3,CALL,3,414.09,405.79,426.54,434.84,447.29,0.61
2023-05-24T00:00:00.000Z,411.09,CALL,0.6,CALL,0.65,4,UP,CALL,0.575923210968611,56.3,PUT,0.55,-1.0,3,1,0,SUPER_3,CALL,3,411.09,402.12,423.51,431.79,444.21,0.61
2023-05-26T00:00:00.000Z,420.02,CALL,0.6,HOLD,0.0,1,UP,CALL,0.5656742916592501,54.0,CALL,0.65,0.33,3,0,1,SUPER_3,CALL,3,420.02,411.64,432.59,440.97,453.54,0.61
2023-05-31T00:00:00.000Z,417.85,CALL,0.6,HOLD,0.0,3,UP,CALL,0.5763013072279182,57.0,CALL,0.65,0.91,3,0,1,SUPER_3,CALL,3,417.85,409.45,430.45,438.85,451.45,0.61
2023-06-05T00:00:00.000Z,427.1,CALL,0.6,HOLD,0.0,1,UP,CALL,0.6025217745470832,64.8,CALL,0.65,1.69,3,0,1,SUPER_3,CALL,3,427.1,417.9,440.9,450.1,463.9,0.62
2023-06-07T00:00:00.000Z,426.55,CALL,0.6,HOLD,0.0,3,UP,CALL,0.6067795532119789,65.9,CALL,0.65,2.08,3,0,1,SUPER_3,CALL,3,426.55,417.67,439.87,448.75,462.07,0.62
2023-06-09T00:00:00.000Z,429.9,CALL,0.6,HOLD,0.0,5,UP,CALL,0.614151307925762,67.8,CALL,0.65,0.46,3,0,1,SUPER_3,CALL,3,429.9,421.24,442.89,451.55,464.54,0.62
2023-06-13T00:00:00.000Z,436.66,CALL,0.6,CALL,0.65,2,UP,PUT,0.6,71.4,CALL,0.65,2.02,3,1,0,SUPER_3,CALL,3,436.66,427.37,449.53,458.11,470.98,0.63
2023-06-15T00:00:00.000Z,442.6,CALL,0.6,CALL,0.65,4,UP,PUT,0.6,75.5,CALL,0.65,3.14,3,1,0,SUPER_3,CALL,3,442.6,432.72,456.28,465.4,479.08,0.63
2023-06-16T00:00:00.000Z,439.46,CALL,0.6,HOLD,0.0,5,UP,CALL,0.621545640955822,69.3,CALL,0.65,2.22,3,0,1,SUPER_3,CALL,3,439.46,430.54,452.84,461.76,475.14,0.62
2023-06-20T00:00:00.000Z,437.18,CALL,0.6,HOLD,0.0,1,UP,CALL,0.615945935517302,67.3,CALL,0.65,0.78,3,0,1,SUPER_3,CALL,3,437.18,428.18,450.68,459.68,473.18,0.62
2023-06-21T00:00:00.000Z,434.94,CALL,0.6,CALL,0.65,2,UP,CALL,0.6076511697027853,64.6,HOLD,0.0,-0.39,3,0,1,SUPER_3,CALL,3,434.94,425.36,448.2,457.04,470.3,0.62
2023-06-28T00:00:00.000Z,436.39,CALL,0.6,CALL,0.65,2,UP,CALL,0.6075127462918735,66.2,HOLD,0.0,0.33,3,0,1,SUPER_3,CALL,3,436.39,427.36,448.9,457.24,469.75,0.62
2023-06-30T00:00:00.000Z,443.28,CALL,0.6,CALL,0.65,4,UP,PUT,0.6,71.1,CALL,0.65,2.32,3,1,0,SUPER_3,CALL,3,443.28,433.94,456.21,464.83,477.76,0.63
2023-07-03T00:00:00.000Z,443.79,CALL,0.6,HOLD,0.0,5,UP,CALL,0.6052263158677118,67.4,CALL,0.65,2.86,3,0,1,SUPER_3,CALL,3,443.79,435.53,456.18,464.44,476.83,0.62
2023-07-05T00:00:00.000Z,443.13,CALL,0.6,HOLD,0.0,1,UP,CALL,0.6058699000779907,67.7,CALL,0.65,1.6,3,0,1,SUPER_3,CALL,3,443.13,435.09,455.19,463.23,475.29,0.62
2023-07-10T00:00:00.000Z,439.66,CALL,0.6,CALL,0.65,4,UP,CALL,0.5869810415166191,61.6,PUT,0.55,-0.82,3,1,0,SUPER_3,CALL,3,439.66,431.73,450.64,457.96,468.94,0.61
2023-07-12T00:00:00.000Z,446.02,CALL,0.6,HOLD,0.0,1,UP,CALL,0.592303457522505,62.8,CALL,0.65,0.65,3,0,1,SUPER_3,CALL,3,446.02,438.52,457.27,464.77,476.02,0.61
2023-07-14T00:00:00.000Z,449.28,CALL,0.6,HOLD,0.0,3,UP,CALL,0.5915988696856593,62.5,CALL,0.65,2.45,3,0,1,SUPER_3,CALL,3,449.28,441.76,460.56,468.08,479.36,0.61
2023-07-18T00:00:00.000Z,454.19,CALL,0.6,HOLD,0.0,5,UP,CALL,0.599998267855,66.3,CALL,0.65,2.65,3,0,1,SUPER_3,CALL,3,454.19,446.83,465.23,472.59,483.63,0.62
2023-07-21T00:00:00.000Z,452.18,CALL,0.6,HOLD,0.0,3,UP,CALL,0.6034355665022019,68.3,CALL,0.65,0.65,3,0,1,SUPER_3,CALL,3,452.18,445.38,462.38,469.18,479.38,0.62
2023-07-24T00:00:00.000Z,454.2,CALL,0.6,CALL,0.65,4,UP,PUT,0.6,75.3,CALL,0.65,0.75,3,1,0,SUPER_3,CALL,3,454.2,446.62,464.7,471.7,482.2,0.63
2023-08-01T00:00:00.000Z,456.48,CALL,0.6,HOLD,0.0,5,UP,CALL,0.5926944767236408,66.6,CALL,0.65,0.23,3,0,1,SUPER_3,CALL,3,456.48,449.36,467.16,474.28,484.96,0.61
2023-08-03T00:00:00.000Z,448.84,CALL,0.6,CALL,0.65,2,UP,CALL,0.5815062986989816,61.3,PUT,0.55,-0.81,3,1,0,SUPER_3,CALL,3,448.84,440.61,460.24,467.84,479.24,0.61
2023-08-07T00:00:00.000Z,450.71,CALL,0.6,CALL,0.65,4,UP,CALL,0.5878053722899444,62.4,PUT,0.55,-1.55,3,1,0,SUPER_3,CALL,3,450.71,442.0,462.77,470.81,482.87,0.61
2023-08-18T00:00:00.000Z,436.5,PUT,0.75,CALL,0.65,3,UP,PUT,0.6023210329182016,33.1,PUT,0.65,-2.05,1,3,0,SUPER_3,PUT,3,436.5,446.22,421.92,412.2,397.62,0.67
2023-08-21T00:00:00.000Z,439.34,PUT,0.6,CALL,0.65,4,UP,PUT,0.5992624540808045,34.4,PUT,0.65,-1.96,1,3,0,SUPER_3,PUT,3,439.34,449.4,424.25,414.19,399.1,0.62
2023-08-22T00:00:00.000Z,438.15,PUT,0.6,CALL,0.65,5,UP,PUT,0.6074204789167854,31.8,PUT,0.65,-1.07,1,3,0,SUPER_3,PUT,3,438.15,447.71,423.81,414.25,399.91,0.62
2023-08-28T00:00:00.000Z,442.76,PUT,0.6,PUT,0.65,4,DOWN,PUT,0.5992429117106851,36.9,CALL,0.55,0.78,1,3,0,SUPER_3,PUT,3,442.76,453.75,427.55,417.41,402.2,0.62
2023-08-29T00:00:00.000Z,449.16,PUT,0.6,PUT,0.65,5,DOWN,PUT,0.5732683751394682,44.3,CALL,0.55,2.51,1,3,0,SUPER_3,PUT,3,449.16,460.58,433.35,422.81,407.0,0.61
2023-09-06T00:00:00.000Z,446.22,PUT,0.6,PUT,0.65,5,DOWN,HOLD,0.0,47.9,PUT,0.55,-0.65,0,3,1,SUPER_3,PUT,3,446.22,456.47,432.03,422.57,408.38,0.6
2023-09-14T00:00:00.000Z,450.36,CALL,0.6,PUT,0.65,1,DOWN,CALL,0.5868629349368922,60.7,CALL,0.55,1.24,3,1,0,SUPER_3,CALL,3,450.36,442.74,461.79,469.41,480.84,0.58
2023-09-15T00:00:00.000Z,443.37,PUT,0.75,PUT,0.65,2,DOWN,CALL,0.5750113662418892,56.8,PUT,0.65,-0.48,1,3,0,SUPER_3,PUT,3,443.37,451.8,431.7,423.92,412.25,0.68
2023-09-19T00:00:00.000Z,442.71,PUT,0.6,PUT,0.65,4,DOWN,HOLD,0.0,53.5,PUT,0.65,-0.74,0,3,1,SUPER_3,PUT,3,442.71,450.47,431.97,424.81,414.07,0.63
2023-09-21T00:00:00.000Z,431.39,PUT,0.6,HOLD,0.0,1,DOWN,PUT,0.5889274557153545,40.1,PUT,0.65,-4.21,0,3,1,SUPER_3,PUT,3,431.39,439.69,418.94,410.64,398.19,0.61
2023-09-25T00:00:00.000Z,432.23,PUT,0.6,HOLD,0.0,3,DOWN,PUT,0.5757785657307832,42.6,PUT,0.65,-2.57,0,3,1,SUPER_3,PUT,3,432.23,440.75,419.45,410.93,398.15,0.61
2023-09-29T00:00:00.000Z,427.48,PUT,0.6,PUT,0.65,2,DOWN,CALL,0.6,27.2,PUT,0.65,-0.68,1,3,0,SUPER_3,PUT,3,427.48,438.14,412.72,402.88,388.12,0.63
2023-10-03T00:00:00.000Z,421.59,PUT,0.6,PUT,0.65,4,DOWN,CALL,0.6,23.9,PUT,0.65,-1.01,1,3,0,SUPER_3,PUT,3,421.59,433.12,405.63,394.99,379.03,0.63
2023-10-05T00:00:00.000Z,424.5,PUT,0.6,HOLD,0.0,1,DOWN,PUT,0.619282033073638,30.5,PUT,0.65,-0.94,0,3,1,SUPER_3,PUT,3,424.5,434.72,409.17,398.95,383.62,0.62
2023-10-06T00:00:00.000Z,429.54,PUT,0.6,PUT,0.65,2,DOWN,PUT,0.6037320342849881,36.1,HOLD,0.0,0.48,0,3,1,SUPER_3,PUT,3,429.54,441.87,412.47,401.09,384.02,0.62
2023-10-10T00:00:00.000Z,434.54,PUT,0.6,PUT,0.65,4,DOWN,PUT,0.5879580136497979,40.1,CALL,0.55,3.07,1,3,0,SUPER_3,PUT,3,434.54,447.02,417.26,405.74,388.46,0.61
2023-10-13T00:00:00.000Z,431.5,PUT,0.6,PUT,0.65,2,DOWN,PUT,0.5898307245391221,38.8,HOLD,0.0,0.46,0,3,1,SUPER_3,PUT,3,431.5,444.15,413.98,402.3,384.78,0.61
2023-10-17T00:00:00.000Z,436.02,PUT,0.6,PUT,0.65,4,DOWN,PUT,0.5718862964328943,44.2,HOLD,0.0,0.34,0,3,1,SUPER_3,PUT,3,436.02,448.48,418.77,407.27,390.02,0.61
2023-10-18T00:00:00.000Z,430.21,PUT,0.6,HOLD,0.0,5,DOWN,PUT,0.5780838459483842,42.8,PUT,0.55,-1.4,0,3,1,SUPER_3,PUT,3,430.21,441.93,412.63,400.91,383.33,0.58
2023-10-19T00:00:00.000Z,426.43,PUT,0.6,HOLD,0.0,1,DOWN,PUT,0.5664709153263372,45.5,PUT,0.55,-1.67,0,3,1,SUPER_3,PUT,3,426.43,438.31,408.61,396.73,378.91,0.57
2023-10-23T00:00:00.000Z,420.46,PUT,0.6,HOLD,0.0,3,DOWN,PUT,0.5904377654932917,39.6,PUT,0.65,-3.57,0,3,1,SUPER_3,PUT,3,420.46,432.46,402.46,390.46,372.46,0.61
2023-10-24T00:00:00.000Z,423.63,PUT,0.6,PUT,0.65,4,DOWN,HOLD,0.0,48.1,PUT,0.65,-2.84,0,3,1,SUPER_3,PUT,3,423.63,436.54,405.75,393.83,375.95,0.63
2023-10-25T00:00:00.000Z,417.55,PUT,0.6,HOLD,0.0,5,DOWN,PUT,0.5792188250973884,42.9,PUT,0.65,-2.94,0,3,1,SUPER_3,PUT,3,417.55,429.81,399.16,386.9,368.51,0.61
2023-10-26T00:00:00.000Z,412.55,PUT,0.6,HOLD,0.0,1,DOWN,PUT,0.6058769082476958,37.0,PUT,0.65,-3.25,0,3,1,SUPER_3,PUT,3,412.55,424.15,395.15,383.55,366.15,0.62
2023-10-30T00:00:00.000Z,415.59,PUT,0.6,HOLD,0.0,3,DOWN,PUT,0.5905054571326391,41.4,PUT,0.65,-1.16,0,3,1,SUPER_3,PUT,3,415.59,427.29,398.04,386.34,368.79,0.61
2023-10-31T00:00:00.000Z,418.2,PUT,0.6,PUT,0.65,4,DOWN,HOLD,0.0,47.5,PUT,0.65,-1.28,0,3,1,SUPER_3,PUT,3,418.2,431.0,400.47,388.65,370.92,0.63
2023-11-13T00:00:00.000Z,440.19,CALL,0.75,PUT,0.65,3,DOWN,CALL,0.5656322893390322,53.2,CALL,0.65,1.03,3,1,0,SUPER_3,CALL,3,440.19,430.01,455.46,465.64,480.91,0.66
2023-11-14T00:00:00.000Z,448.73,CALL,0.6,PUT,0.65,4,DOWN,CALL,0.5948021603589644,58.2,CALL,0.65,2.7,3,1,0,SUPER_3,CALL,3,448.73,438.09,464.69,475.33,491.29,0.61
2023-11-15T00:00:00.000Z,449.68,CALL,0.6,PUT,0.65,5,DOWN,CALL,0.6179654046033639,63.3,CALL,0.65,2.84,3,1,0,SUPER_3,CALL,3,449.68,439.52,464.92,475.08,490.32,0.62
2023-11-16T00:00:00.000Z,450.23,CALL,0.6,PUT,0.65,1,DOWN,CALL,0.6329796525260662,67.0,CALL,0.65,3.78,3,1,0,SUPER_3,CALL,3,450.23,440.49,464.84,474.58,489.19,0.63
2023-11-21T00:00:00.000Z,453.27,CALL,0.6,CALL,0.65,4,UP,PUT,0.6,72.5,CALL,0.65,1.01,3,1,0,SUPER_3,CALL,3,453.27,443.74,466.47,475.27,488.47,0.63
2023-11-27T00:00:00.000Z,454.48,CALL,0.6,CALL,0.65,2,UP,PUT,0.6,90.0,CALL,0.65,0.82,3,1,0,SUPER_3,CALL,3,454.48,446.64,465.34,472.58,483.44,0.63
2023-11-29T00:00:00.000Z,454.61,CALL,0.6,CALL,0.65,4,UP,PUT,0.6,87.9,CALL,0.65,0.3,3,1,0,SUPER_3,CALL,3,454.61,446.68,465.59,472.91,483.89,0.63
2023-12-04T00:00:00.000Z,456.69,CALL,0.6,CALL,0.65,2,UP,PUT,0.6,78.6,CALL,0.65,0.49,3,1,0,SUPER_3,CALL,3,456.69,449.13,467.16,474.14,484.61,0.63
2023-12-11T00:00:00.000Z,461.99,CALL,0.6,CALL,0.65,2,UP,PUT,0.6,80.6,CALL,0.65,1.16,3,1,0,SUPER_3,CALL,3,461.99,455.06,471.59,477.99,487.59,0.63
2023-12-13T00:00:00.000Z,470.5,CALL,0.6,CALL,0.65,4,UP,PUT,0.6,81.4,CALL,0.65,3.46,3,1,0,SUPER_3,CALL,3,470.5,462.81,481.15,488.25,498.9,0.63
2023-12-18T00:00:00.000Z,471.97,CALL,0.6,CALL,0.65,2,UP,PUT,0.6,76.9,CALL,0.65,2.16,3,1,0,SUPER_3,CALL,3,471.97,463.09,484.27,492.47,504.77,0.63
2023-12-20T00:00:00.000Z,468.26,CALL,0.6,CALL,0.65,4,UP,CALL,0.5993434002152114,67.1,HOLD,0.0,-0.48,3,0,1,SUPER_3,CALL,3,468.26,458.84,481.31,490.01,503.06,0.62
2023-12-22T00:00:00.000Z,473.65,CALL,0.6,HOLD,0.0,1,UP,CALL,0.6098665782505819,69.4,CALL,0.65,0.92,3,0,1,SUPER_3,CALL,3,473.65,465.07,486.52,495.1,507.97,0.62
2023-12-26T00:00:00.000Z,475.65,CALL,0.6,CALL,0.65,2,UP,PUT,0.6,71.8,CALL,0.65,0.78,3,1,0,SUPER_3,CALL,3,475.65,466.33,488.55,497.15,510.05,0.63
2023-12-28T00:00:00.000Z,476.69,CALL,0.6,CALL,0.65,4,UP,PUT,0.6,72.6,CALL,0.65,1.8,3,1,0,SUPER_3,CALL,3,476.69,468.24,488.39,496.19,507.89,0.63
2023-12-29T00:00:00.000Z,475.31,CALL,0.6,HOLD,0.0,5,UP,CALL,0.6115018699233756,69.6,CALL,0.65,0.55,3,0,1,SUPER_3,CALL,3,475.31,467.47,487.07,494.91,506.67,0.62
2024-01-03T00:00:00.000Z,468.79,CALL,0.6,CALL,0.65,2,UP,CALL,0.5898575756994857,62.4,PUT,0.55,-1.44,3,1,0,SUPER_3,CALL,3,468.79,459.84,481.18,489.44,501.83,0.61
2024-01-05T00:00:00.000Z,467.92,CALL,0.6,CALL,0.65,4,UP,CALL,0.5934207141166035,63.4,PUT,0.55,-1.84,3,1,0,SUPER_3,CALL,3,467.92,459.47,479.62,487.42,499.12,0.61
2024-01-09T00:00:00.000Z,473.88,CALL,0.6,HOLD,0.0,1,UP,CALL,0.5946647062198895,63.3,CALL,0.65,0.26,3,0,1,SUPER_3,CALL,3,473.88,465.78,486.03,494.13,506.28,0.61
2024-01-11T00:00:00.000Z,476.35,CALL,0.6,HOLD,0.0,3,UP,CALL,0.5898016619858211,62.1,CALL,0.55,1.94,3,0,1,SUPER_3,CALL,3,476.35,468.47,488.17,496.05,507.87,0.58
2024-01-19T00:00:00.000Z,482.43,CALL,0.6,HOLD,0.0,3,UP,CALL,0.5744930456426607,57.7,CALL,0.65,1.28,3,0,1,SUPER_3,CALL,3,482.43,473.31,496.11,505.23,518.91,0.61
2024-01-23T00:00:00.000Z,484.86,CALL,0.6,HOLD,0.0,5,UP,CALL,0.5886023775994453,64.6,CALL,0.65,2.09,3,0,1,SUPER_3,CALL,3,484.86,476.24,497.79,506.41,519.34,0.61
2024-01-24T00:00:00.000Z,485.39,CALL,0.6,HOLD,0.0,1,UP,CALL,0.5872274291618114,64.3,CALL,0.65,2.77,3,0,1,SUPER_3,CALL,3,485.39,476.85,498.2,506.74,519.55,0.61
2024-01-26T00:00:00.000Z,487.41,CALL,0.6,HOLD,0.0,3,UP,CALL,0.5844343277234437,63.1,CALL,0.65,1.03,3,0,1,SUPER_3,CALL,3,487.41,479.23,499.68,507.86,520.13,0.61
2024-01-30T00:00:00.000Z,490.89,CALL,0.6,HOLD,0.0,5,UP,CALL,0.5989290107387375,67.5,CALL,0.65,1.24,3,0,1,SUPER_3,CALL,3,490.89,483.37,502.17,509.69,520.97,0.62
2024-02-05T00:00:00.000Z,492.55,CALL,0.6,CALL,0.65,4,UP,PUT,0.6,71.9,CALL,0.65,0.26,3,1,0,SUPER_3,CALL,3,492.55,483.02,505.75,514.55,527.75,0.63
2024-02-06T00:00:00.000Z,493.98,CALL,0.6,HOLD,0.0,5,UP,CALL,0.6107773524406639,69.0,CALL,0.65,0.63,3,0,1,SUPER_3,CALL,3,493.98,485.58,506.58,514.98,527.58,0.62
2024-02-08T00:00:00.000Z,498.32,CALL,0.6,CALL,0.65,2,UP,PUT,0.6,70.8,CALL,0.65,1.86,3,1,0,SUPER_3,CALL,3,498.32,490.0,509.84,517.52,529.04,0.63
2024-02-12T00:00:00.000Z,500.98,CALL,0.6,CALL,0.65,4,UP,PUT,0.6,72.1,CALL,0.65,1.71,3,1,0,SUPER_3,CALL,3,500.98,492.4,512.86,520.78,532.66,0.63
2024-02-15T00:00:00.000Z,502.01,CALL,0.6,CALL,0.65,2,UP,PUT,0.6,71.1,CALL,0.65,0.74,3,1,0,SUPER_3,CALL,3,502.01,491.98,515.9,525.16,539.05,0.63
2024-02-20T00:00:00.000Z,496.76,CALL,0.6,CALL,0.65,4,UP,CALL,0.5916038716229133,61.4,PUT,0.55,-0.84,3,1,0,SUPER_3,CALL,3,496.76,486.19,511.4,521.16,535.8,0.61
2024-02-21T00:00:00.000Z,497.21,CALL,0.6,HOLD,0.0,5,UP,CALL,0.5885878705983902,60.8,CALL,0.65,0.63,3,0,1,SUPER_3,CALL,3,497.21,488.05,510.95,520.11,533.85,0.61
2024-02-22T00:00:00.000Z,507.5,CALL,0.6,HOLD,0.0,1,UP,CALL,0.6179914432141955,66.3,CALL,0.65,1.79,3,0,1,SUPER_3,CALL,3,507.5,497.64,522.29,532.15,546.94,0.62
2024-02-26T00:00:00.000Z,505.99,CALL,0.6,HOLD,0.0,3,UP,CALL,0.6072794102746564,64.0,CALL,0.65,1.3,3,0,1,SUPER_3,CALL,3,505.99,496.85,519.7,528.84,542.55,0.62
2024-02-28T00:00:00.000Z,506.26,CALL,0.6,HOLD,0.0,5,UP,CALL,0.5973646463312393,62.1,CALL,0.65,1.82,3,0,1,SUPER_3,CALL,3,506.26,497.48,519.43,528.21,541.38,0.62
2024-03-01T00:00:00.000Z,512.85,CALL,0.6,CALL,0.65,2,UP,PUT,0.6,70.9,CALL,0.65,0.98,3,1,0,SUPER_3,CALL,3,512.85,502.58,527.07,536.55,550.77,0.63
2024-03-04T00:00:00.000Z,512.3,CALL,0.6,HOLD,0.0,3,UP,CALL,0.6042835604608439,67.2,CALL,0.65,1.25,3,0,1,SUPER_3,CALL,3,512.3,502.98,526.28,535.6,549.58,0.62
2024-03-05T00:00:00.000Z,507.18,CALL,0.6,CALL,0.65,4,UP,CALL,0.5947540617832141,63.4,HOLD,0.0,0.05,3,0,1,SUPER_3,CALL,3,507.18,497.52,520.56,529.48,542.86,0.61
2024-03-06T00:00:00.000Z,509.75,CALL,0.6,HOLD,0.0,5,UP,CALL,0.5980000257231699,64.1,CALL,0.65,0.69,3,0,1,SUPER_3,CALL,3,509.75,500.85,523.1,532.0,545.35,0.62
2024-03-07T00:00:00.000Z,514.81,CALL,0.6,HOLD,0.0,1,UP,CALL,0.6003790495526167,64.6,CALL,0.65,1.32,3,0,1,SUPER_3,CALL,3,514.81,505.55,528.7,537.96,551.85,0.62
2024-03-08T00:00:00.000Z,511.72,CALL,0.6,CALL,0.65,2,UP,CALL,0.590713210372064,61.2,HOLD,0.0,-0.22,3,0,1,SUPER_3,CALL,3,511.72,501.23,526.24,535.92,550.44,0.61
2024-03-13T00:00:00.000Z,515.97,CALL,0.6,HOLD,0.0,5,UP,CALL,0.6158571166999368,69.3,CALL,0.65,1.22,3,0,1,SUPER_3,CALL,3,515.97,507.35,528.9,537.52,550.45,0.62
2024-03-15T00:00:00.000Z,509.83,CALL,0.6,CALL,0.65,2,UP,CALL,0.5739967631122675,57.3,HOLD,0.0,-0.37,3,0,1,SUPER_3,CALL,3,509.83,499.54,524.08,533.58,547.83,0.61
2024-03-18T00:00:00.000Z,512.86,CALL,0.6,HOLD,0.0,3,UP,CALL,0.5903814701146262,62.2,CALL,0.65,0.31,3,0,1,SUPER_3,CALL,3,512.86,502.9,527.8,537.76,552.7,0.61
2024-03-19T00:00:00.000Z,515.71,CALL,0.6,CALL,0.65,4,UP,CALL,0.6069751712038703,67.1,HOLD,0.0,-0.21,3,0,1,SUPER_3,CALL,3,515.71,504.46,531.28,541.66,557.23,0.62
2024-03-20T00:00:00.000Z,520.48,CALL,0.6,HOLD,0.0,5,UP,CALL,0.6194904426629736,69.4,CALL,0.65,0.87,3,0,1,SUPER_3,CALL,3,520.48,509.94,536.29,546.83,562.64,0.62
2024-03-21T00:00:00.000Z,522.2,CALL,0.6,HOLD,0.0,1,UP,CALL,0.5934041842923878,64.2,CALL,0.65,1.41,3,0,1,SUPER_3,CALL,3,522.2,511.88,537.68,548.0,563.48,0.61
2024-03-25T00:00:00.000Z,519.77,CALL,0.6,HOLD,0.0,3,UP,CALL,0.59087550874389,63.4,CALL,0.65,1.35,3,0,1,SUPER_3,CALL,3,519.77,510.35,533.9,543.32,557.45,0.61
2024-03-27T00:00:00.000Z,523.17,CALL,0.6,HOLD,0.0,5,UP,CALL,0.5999067293848133,65.2,CALL,0.65,0.52,3,0,1,SUPER_3,CALL,3,523.17,514.25,536.55,545.47,558.85,0.62
2024-04-01T00:00:00.000Z,522.16,CALL,0.6,CALL,0.65,2,UP,CALL,0.5775355082963872,59.4,HOLD,0.0,0.18,3,0,1,SUPER_3,CALL,3,522.16,513.3,534.43,542.61,554.88,0.61
2024-04-03T00:00:00.000Z,519.41,CALL,0.6,CALL,0.65,4,UP,CALL,0.5862459821793782,62.8,HOLD,0.0,0.12,3,0,1,SUPER_3,CALL,3,519.41,510.61,531.59,539.71,551.89,0.61
2024-04-08T00:00:00.000Z,518.72,CALL,0.6,CALL,0.65,2,UP,CALL,0.570959012930639,57.2,PUT,0.55,-0.66,3,1,0,SUPER_3,CALL,3,518.72,509.47,531.53,540.07,552.88,0.61
2024-04-22T00:00:00.000Z,499.72,PUT,0.6,CALL,0.65,2,UP,PUT,0.6123339467405851,32.5,PUT,0.65,-0.94,1,3,0,SUPER_3,PUT,3,499.72,513.5,479.05,465.27,444.6,0.62
2024-04-29T00:00:00.000Z,510.06,PUT,0.6,PUT,0.65,2,DOWN,PUT,0.5842160320375881,41.4,CALL,0.65,2.07,1,3,0,SUPER_3,PUT,3,510.06,524.71,489.78,476.26,455.98,0.61
2024-04-30T00:00:00.000Z,501.98,PUT,0.6,HOLD,0.0,3,DOWN,PUT,0.5984406358283769,38.6,PUT,0.65,-0.73,0,3,1,SUPER_3,PUT,3,501.98,515.62,481.52,467.88,447.42,0.62
2024-05-03T00:00:00.000Z,511.29,PUT,0.6,PUT,0.65,1,DOWN,PUT,0.5696972618125314,45.4,CALL,0.55,0.6,1,3,0,SUPER_3,PUT,3,511.29,525.16,492.09,479.29,460.09,0.61
2024-05-13T00:00:00.000Z,520.91,CALL,0.75,PUT,0.65,2,DOWN,CALL,0.5989917193066849,64.0,CALL,0.55,0.84,3,1,0,SUPER_3,CALL,3,520.91,510.65,536.3,546.56,561.95,0.63
2024-05-14T00:00:00.000Z,523.3,CALL,0.6,PUT,0.65,3,DOWN,CALL,0.6086095589398168,66.4,CALL,0.65,1.19,3,1,0,SUPER_3,CALL,3,523.3,513.18,538.48,548.6,563.78,0.62
2024-05-20T00:00:00.000Z,530.06,CALL,0.6,CALL,0.65,2,UP,PUT,0.6,77.0,CALL,0.65,1.76,3,1,0,SUPER_3,CALL,3,530.06,520.87,542.78,551.26,563.98,0.63
2024-05-28T00:00:00.000Z,529.81,CALL,0.6,CALL,0.65,2,UP,CALL,0.6076887138695938,69.0,HOLD,0.0,-0.05,3,0,1,SUPER_3,CALL,3,529.81,521.77,540.94,548.36,559.49,0.62
2024-06-04T00:00:00.000Z,528.39,CALL,0.6,CALL,0.65,2,UP,CALL,0.5843156438865371,65.3,HOLD,0.0,-0.27,3,0,1,SUPER_3,CALL,3,528.39,518.19,542.52,551.94,566.07,0.61
2024-06-05T00:00:00.000Z,534.67,CALL,0.6,HOLD,0.0,3,UP,CALL,0.6004882363771553,69.7,CALL,0.65,1.63,3,0,1,SUPER_3,CALL,3,534.67,525.33,548.68,558.02,572.03,0.62
2024-06-07T00:00:00.000Z,534.01,CALL,0.6,HOLD,0.0,5,UP,CALL,0.5898487059168958,66.4,CALL,0.65,1.26,3,0,1,SUPER_3,CALL,3,534.01,524.39,548.44,558.06,572.49,0.61
2024-06-10T00:00:00.000Z,535.66,CALL,0.6,HOLD,0.0,1,UP,CALL,0.592551389912126,67.2,CALL,0.65,1.49,3,0,1,SUPER_3,CALL,3,535.66,525.9,550.3,560.06,574.7,0.61
2024-06-12T00:00:00.000Z,541.36,CALL,0.6,HOLD,0.0,3,UP,CALL,0.6013995544325252,69.4,CALL,0.65,1.25,3,0,1,SUPER_3,CALL,3,541.36,530.76,557.26,567.86,583.76,0.62
2024-06-14T00:00:00.000Z,542.78,CALL,0.6,HOLD,0.0,5,UP,CALL,0.5898440075793541,67.3,CALL,0.65,1.64,3,0,1,SUPER_3,CALL,3,542.78,533.02,557.42,567.18,581.82,0.61
2024-06-17T00:00:00.000Z,547.1,CALL,0.6,HOLD,0.0,1,UP,CALL,0.5996262731615307,69.9,CALL,0.65,2.14,3,0,1,SUPER_3,CALL,3,547.1,536.84,562.49,572.75,588.14,0.62
2024-06-18T00:00:00.000Z,548.49,CALL,0.6,CALL,0.65,2,UP,PUT,0.6,70.4,CALL,0.65,2.15,3,1,0,SUPER_3,CALL,3,548.49,537.76,563.34,573.24,588.09,0.63
2024-06-20T00:00:00.000Z,547.0,CALL,0.6,HOLD,0.0,3,UP,CALL,0.5939554156976523,67.3,CALL,0.65,1.04,3,0,1,SUPER_3,CALL,3,547.0,537.08,561.88,571.8,586.68,0.61
2024-06-26T00:00:00.000Z,545.51,CALL,0.6,CALL,0.65,2,UP,CALL,0.5942021723318729,68.4,PUT,0.55,-0.54,3,1,0,SUPER_3,CALL,3,545.51,536.63,557.81,566.01,578.31,0.61
2024-07-03T00:00:00.000Z,551.46,CALL,0.6,CALL,0.65,2,UP,PUT,0.6,78.9,CALL,0.65,1.09,3,1,0,SUPER_3,CALL,3,551.46,542.75,563.52,571.56,583.62,0.63
2024-07-08T00:00:00.000Z,555.28,CALL,0.6,CALL,0.65,4,UP,PUT,0.6,77.4,CALL,0.65,2.03,3,1,0,SUPER_3,CALL,3,555.28,546.68,567.19,575.13,587.04,0.63
2024-07-11T00:00:00.000Z,556.48,CALL,0.6,CALL,0.65,2,UP,PUT,0.6,71.9,CALL,0.65,0.91,3,1,0,SUPER_3,CALL,3,556.48,547.79,568.51,576.53,588.56,0.63
2024-07-15T00:00:00.000Z,561.53,CALL,0.6,CALL,0.65,4,UP,PUT,0.6,71.5,CALL,0.65,1.13,3,1,0,SUPER_3,CALL,3,561.53,552.21,574.43,583.03,595.93,0.63
2024-07-22T00:00:00.000Z,554.65,CALL,0.6,CALL,0.65,4,UP,CALL,0.5782850462548338,58.8,PUT,0.55,-1.23,3,1,0,SUPER_3,CALL,3,554.65,543.1,570.64,581.3,597.29,0.61
2024-08-01T00:00:00.000Z,543.01,CALL,0.6,CALL,0.65,2,UP,PUT,0.5717651479647589,45.4,CALL,0.55,0.85,3,1,0,SUPER_3,CALL,3,543.01,525.29,567.55,583.91,608.45,0.6
2024-08-05T00:00:00.000Z,517.38,PUT,0.75,CALL,0.65,4,UP,PUT,0.6537589234233363,32.5,PUT,0.65,-5.03,1,3,0,SUPER_3,PUT,3,517.38,537.76,486.81,466.43,435.86,0.68
2024-08-06T00:00:00.000Z,522.15,PUT,0.6,CALL,0.65,5,UP,PUT,0.6413883532009306,35.2,PUT,0.65,-3.66,1,3,0,SUPER_3,PUT,3,522.15,543.11,490.71,469.75,438.31,0.63
2024-08-07T00:00:00.000Z,518.66,PUT,0.6,CALL,0.65,1,UP,PUT,0.6662571426034549,30.9,PUT,0.65,-5.84,1,3,0,SUPER_3,PUT,3,518.66,540.26,486.26,464.66,432.26,0.64
2024-08-08T00:00:00.000Z,530.65,PUT,0.6,CALL,0.65,2,UP,PUT,0.6186474481238042,39.5,PUT,0.65,-2.28,1,3,0,SUPER_3,PUT,3,530.65,553.17,496.87,474.35,440.57,0.62
2024-08-12T00:00:00.000Z,533.27,PUT,0.6,PUT,0.65,4,DOWN,PUT,0.6248312416245863,38.3,CALL,0.55,3.07,1,3,0,SUPER_3,PUT,3,533.27,557.82,499.28,476.62,442.63,0.62
2024-08-13T00:00:00.000Z,542.04,PUT,0.6,PUT,0.65,5,DOWN,PUT,0.6090580267525674,41.2,CALL,0.55,3.81,1,3,0,SUPER_3,PUT,3,542.04,565.9,509.01,486.99,453.96,0.62
2024-08-14T00:00:00.000Z,543.75,PUT,0.6,PUT,0.65,1,DOWN,PUT,0.5832941435798762,44.8,CALL,0.55,4.84,1,3,0,SUPER_3,PUT,3,543.75,566.82,511.8,490.5,458.55,0.61
2024-08-21T00:00:00.000Z,560.62,CALL,0.75,PUT,0.65,1,DOWN,CALL,0.6052069341699906,59.3,CALL,0.55,3.1,3,1,0,SUPER_3,CALL,3,560.62,542.02,588.52,607.12,635.02,0.64
2024-08-22T00:00:00.000Z,556.22,CALL,0.6,PUT,0.65,2,DOWN,CALL,0.6012497852129612,58.5,CALL,0.55,0.57,3,1,0,SUPER_3,CALL,3,556.22,538.52,582.77,600.47,627.02,0.58
2024-08-23T00:00:00.000Z,562.13,CALL,0.6,PUT,0.65,3,DOWN,CALL,0.6003882583471841,58.4,CALL,0.65,1.41,3,1,0,SUPER_3,CALL,3,562.13,546.67,585.32,600.78,623.97,0.62
2024-08-27T00:00:00.000Z,561.56,CALL,0.6,PUT,0.65,5,DOWN,CALL,0.6055902045799351,59.4,CALL,0.55,0.51,3,1,0,SUPER_3,CALL,3,561.56,548.58,581.03,594.01,613.48,0.59
2024-08-29T00:00:00.000Z,558.35,CALL,0.6,PUT,0.65,2,DOWN,CALL,0.5938761813802517,58.4,CALL,0.65,0.38,3,1,0,SUPER_3,CALL,3,558.35,546.15,576.65,588.85,607.15,0.61
2024-08-30T00:00:00.000Z,563.68,CALL,0.6,PUT,0.65,3,DOWN,CALL,0.6361228194072077,67.5,CALL,0.65,0.28,3,1,0,SUPER_3,CALL,3,563.68,551.16,582.46,594.98,613.76,0.63
2024-09-06T00:00:00.000Z,540.36,CALL,0.6,CALL,0.65,2,UP,CALL,0.5784967762588685,56.9,PUT,0.55,-3.22,3,1,0,SUPER_3,CALL,3,540.36,525.13,561.45,575.51,596.6,0.61
2024-09-10T00:00:00.000Z,548.79,CALL,0.6,CALL,0.65,4,UP,CALL,0.5944221543332081,60.0,PUT,0.55,-0.6,3,1,0,SUPER_3,CALL,3,548.79,532.95,570.72,585.34,607.27,0.61
2024-09-11T00:00:00.000Z,554.42,CALL,0.6,HOLD,0.0,5,UP,CALL,0.5851419998767756,58.2,CALL,0.55,0.63,3,0,1,SUPER_3,CALL,3,554.42,538.66,578.06,593.82,617.46,0.58
2024-09-12T00:00:00.000Z,559.09,CALL,0.6,HOLD,0.0,1,UP,CALL,0.5930447023697215,59.7,CALL,0.65,1.72,3,0,1,SUPER_3,CALL,3,559.09,543.55,582.4,597.94,621.25,0.61
2024-09-16T00:00:00.000Z,562.84,CALL,0.6,HOLD,0.0,3,UP,CALL,0.5740207334266719,55.9,CALL,0.55,3.01,3,0,1,SUPER_3,CALL,3,562.84,547.94,585.19,600.09,622.44,0.57
2024-09-17T00:00:00.000Z,563.07,CALL,0.6,CALL,0.65,4,UP,HOLD,0.0,52.7,CALL,0.65,2.6,3,0,1,SUPER_3,CALL,3,563.07,546.63,585.84,601.02,623.79,0.63
2024-09-19T00:00:00.000Z,570.98,CALL,0.6,HOLD,0.0,1,UP,CALL,0.5787238134651236,56.8,CALL,0.65,2.13,3,0,1,SUPER_3,CALL,3,570.98,554.9,595.1,611.18,635.3,0.61
2024-09-23T00:00:00.000Z,569.67,CALL,0.6,HOLD,0.0,3,UP,CALL,0.5711350257583457,55.4,CALL,0.65,1.21,3,0,1,SUPER_3,CALL,3,569.67,555.49,590.94,605.12,626.39,0.61
2024-09-25T00:00:00.000Z,570.04,CALL,0.6,HOLD,0.0,5,UP,CALL,0.5736348307447319,56.0,CALL,0.65,1.54,3,0,1,SUPER_3,CALL,3,570.04,556.56,590.26,603.74,623.96,0.61
2024-09-26T00:00:00.000Z,572.3,CALL,0.6,HOLD,0.0,1,UP,CALL,0.5882896670128903,59.9,CALL,0.65,0.23,3,0,1,SUPER_3,CALL,3,572.3,559.86,590.96,603.4,622.06,0.61
2024-09-30T00:00:00.000Z,573.76,CALL,0.6,HOLD,0.0,3,UP,CALL,0.57767173683211,57.4,CALL,0.65,0.72,3,0,1,SUPER_3,CALL,3,573.76,561.76,591.76,603.76,621.76,0.61
2024-10-01T00:00:00.000Z,568.62,CALL,0.6,CALL,0.65,4,UP,CALL,0.595102640459757,63.3,HOLD,0.0,-0.47,3,0,1,SUPER_3,CALL,3,568.62,556.75,585.06,596.02,612.46,0.62
2024-10-04T00:00:00.000Z,572.98,CALL,0.6,CALL,0.65,2,UP,PUT,0.6,78.5,CALL,0.65,0.26,3,1,0,SUPER_3,CALL,3,572.98,561.0,589.57,600.63,617.22,0.63
2024-10-08T00:00:00.000Z,573.17,CALL,0.6,CALL,0.65,4,UP,PUT,0.6,70.6,CALL,0.65,0.8,3,1,0,SUPER_3,CALL,3,573.17,561.4,589.46,600.32,616.61,0.63
2024-10-09T00:00:00.000Z,577.14,CALL,0.6,HOLD,0.0,5,UP,CALL,0.610887054288034,69.7,CALL,0.65,1.46,3,0,1,SUPER_3,CALL,3,577.14,567.18,592.08,602.04,616.98,0.62
2024-10-10T00:00:00.000Z,576.13,CALL,0.6,HOLD,0.0,1,UP,CALL,0.5956272157094273,65.8,CALL,0.65,1.46,3,0,1,SUPER_3,CALL,3,576.13,566.55,590.5,600.08,614.45,0.62
2024-10-14T00:00:00.000Z,584.32,CALL,0.6,HOLD,0.0,3,UP,CALL,0.6068276453445618,68.2,CALL,0.65,2.91,3,0,1,SUPER_3,CALL,3,584.32,574.16,599.56,609.72,624.96,0.62
2024-10-16T00:00:00.000Z,582.3,CALL,0.6,HOLD,0.0,5,UP,CALL,0.6055286492412963,66.4,CALL,0.65,0.89,3,0,1,SUPER_3,CALL,3,582.3,571.8,598.05,608.55,624.3,0.62
2024-10-17T00:00:00.000Z,582.35,CALL,0.6,HOLD,0.0,1,UP,CALL,0.5800607263496225,60.5,CALL,0.65,1.08,3,0,1,SUPER_3,CALL,3,582.35,571.81,598.16,608.7,624.51,0.61
2024-10-25T00:00:00.000Z,579.04,CALL,0.6,CALL,0.65,2,UP,CALL,0.5702588000644873,57.1,PUT,0.55,-0.95,3,1,0,SUPER_3,CALL,3,579.04,568.4,593.77,603.59,618.32,0.61
2024-10-29T00:00:00.000Z,581.77,CALL,0.6,CALL,0.65,4,UP,CALL,0.5847502060523782,63.3,HOLD,0.0,-0.27,3,0,1,SUPER_3,CALL,3,581.77,571.61,595.84,605.22,619.29,0.61
2024-11-06T00:00:00.000Z,591.04,CALL,0.6,HOLD,0.0,5,UP,CALL,0.5868065559657197,60.5,CALL,0.65,1.9,3,0,1,SUPER_3,CALL,3,591.04,578.52,609.82,622.34,641.12,0.61
2024-11-07T00:00:00.000Z,595.61,CALL,0.6,HOLD,0.0,1,UP,CALL,0.6010297687442663,63.9,CALL,0.65,4.74,3,0,1,SUPER_3,CALL,3,595.61,582.73,614.93,627.81,647.13,0.62
2024-11-11T00:00:00.000Z,598.76,CALL,0.6,HOLD,0.0,3,UP,CALL,0.5877067690495192,61.1,CALL,0.65,5.08,3,0,1,SUPER_3,CALL,3,598.76,586.04,617.84,630.56,649.64,0.61
2024-11-13T00:00:00.000Z,597.19,CALL,0.6,HOLD,0.0,5,UP,CALL,0.5889107628974242,62.3,CALL,0.65,1.04,3,0,1,SUPER_3,CALL,3,597.19,584.93,615.58,627.84,646.23,0.61
2024-11-19T00:00:00.000Z,590.3,CALL,0.6,CALL,0.65,4,UP,CALL,0.5690433864883246,55.0,PUT,0.55,-1.11,3,1,0,SUPER_3,CALL,3,590.3,575.89,610.25,623.55,643.5,0.61
2024-11-25T00:00:00.000Z,597.53,CALL,0.6,HOLD,0.0,3,UP,CALL,0.5936841852335035,61.8,CALL,0.55,1.59,3,0,1,SUPER_3,CALL,3,597.53,585.31,615.86,628.08,646.41,0.58
2024-11-27T00:00:00.000Z,598.83,CALL,0.6,HOLD,0.0,5,UP,CALL,0.5990816670315515,62.9,CALL,0.65,1.41,3,0,1,SUPER_3,CALL,3,598.83,588.53,614.28,624.58,640.03,0.62
2024-12-02T00:00:00.000Z,603.63,CALL,0.6,CALL,0.65,2,UP,PUT,0.6,75.2,CALL,0.65,1.36,3,1,0,SUPER_3,CALL,3,603.63,592.6,618.9,629.08,644.35,0.63
2024-12-04T00:00:00.000Z,607.66,CALL,0.6,CALL,0.65,4,UP,PUT,0.6,75.5,CALL,0.65,1.17,3,1,0,SUPER_3,CALL,3,607.66,597.15,622.21,631.91,646.46,0.63
2024-12-05T00:00:00.000Z,606.66,CALL,0.6,HOLD,0.0,5,UP,CALL,0.5894986884630297,66.4,CALL,0.65,1.31,3,0,1,SUPER_3,CALL,3,606.66,597.4,620.55,629.81,643.7,0.61
2024-12-06T00:00:00.000Z,607.81,CALL,0.6,HOLD,0.0,1,UP,CALL,0.5807439265195734,63.7,CALL,0.65,0.87,3,0,1,SUPER_3,CALL,3,607.81,599.55,620.2,628.46,640.85,0.61
2024-12-09T00:00:00.000Z,604.68,CALL,0.6,CALL,0.65,2,UP,CALL,0.5665219328174147,57.3,HOLD,0.0,0.17,3,0,1,SUPER_3,CALL,3,604.68,595.8,616.98,625.18,637.48,0.61
2024-12-11T00:00:00.000Z,607.46,CALL,0.6,CALL,0.65,4,UP,CALL,0.5766845130931686,60.8,HOLD,0.0,-0.03,3,0,1,SUPER_3,CALL,3,607.46,599.16,618.95,626.61,638.1,0.61
2024-12-16T00:00:00.000Z,606.79,CALL,0.6,CALL,0.65,2,UP,PUT,0.6,74.6,CALL,0.65,0.35,3,1,0,SUPER_3,CALL,3,606.79,599.31,617.14,624.04,634.39,0.63
2024-12-17T00:00:00.000Z,604.29,CALL,0.6,HOLD,0.0,3,UP,CALL,0.590866137182797,68.9,CALL,0.65,0.25,3,0,1,SUPER_3,CALL,3,604.29,597.39,614.64,621.54,631.89,0.61
2024-12-26T00:00:00.000Z,601.34,CALL,0.6,CALL,0.65,4,UP,HOLD,0.0,50.9,CALL,0.55,2.57,3,0,1,SUPER_3,CALL,3,601.34,587.17,620.96,634.04,653.66,0.6
2025-01-02T00:00:00.000Z,584.64,PUT,0.75,CALL,0.65,3,UP,PUT,0.5974410816176501,37.2,PUT,0.65,-2.77,1,3,0,SUPER_3,PUT,3,584.64,600.94,560.19,543.89,519.44,0.67
2025-01-03T00:00:00.000Z,591.95,PUT,0.6,CALL,0.65,4,UP,PUT,0.5880002520546967,40.2,PUT,0.55,-1.56,1,3,0,SUPER_3,PUT,3,591.95,608.95,566.45,549.45,523.95,0.58
2025-01-10T00:00:00.000Z,580.49,PUT,0.6,CALL,0.65,3,UP,PUT,0.6050119443614399,37.9,PUT,0.65,-0.71,1,3,0,SUPER_3,PUT,3,580.49,597.87,554.42,537.04,510.97,0.62
2025-01-14T00:00:00.000Z,582.19,PUT,0.6,HOLD,0.0,5,DOWN,PUT,0.6044892858199356,37.2,PUT,0.65,-2.21,0,3,1,SUPER_3,PUT,3,582.19,598.29,558.04,541.94,517.79,0.62
2025-01-15T00:00:00.000Z,592.78,PUT,0.6,PUT,0.65,1,DOWN,PUT,0.5769065283186712,44.4,CALL,0.55,0.71,1,3,0,SUPER_3,PUT,3,592.78,610.87,567.73,551.03,525.98,0.61
2025-01-16T00:00:00.000Z,591.64,PUT,0.6,PUT,0.65,2,DOWN,PUT,0.5861962988724037,42.3,HOLD,0.0,0.36,0,3,1,SUPER_3,PUT,3,591.64,609.23,567.28,551.04,526.68,0.61
2025-02-07T00:00:00.000Z,600.77,CALL,0.6,CALL,0.65,2,UP,CALL,0.5794660558984484,57.0,HOLD,0.0,-0.17,3,0,1,SUPER_3,CALL,3,600.77,586.21,620.93,634.37,654.53,0.61
2025-02-10T00:00:00.000Z,604.85,CALL,0.6,HOLD,0.0,3,UP,CALL,0.6125541345188695,65.9,CALL,0.65,1.18,3,0,1,SUPER_3,CALL,3,604.85,591.53,624.83,638.15,658.13,0.62
2025-02-13T00:00:00.000Z,609.73,CALL,0.6,HOLD,0.0,1,UP,CALL,0.5930244476926834,61.5,CALL,0.65,0.56,3,0,1,SUPER_3,CALL,3,609.73,595.83,630.58,644.48,665.33,0.61
2025-02-18T00:00:00.000Z,611.49,CALL,0.6,HOLD,0.0,3,UP,CALL,0.5851793287109428,60.2,CALL,0.65,1.1,3,0,1,SUPER_3,CALL,3,611.49,599.93,628.83,640.39,657.73,0.61
2025-03-04T00:00:00.000Z,576.86,PUT,0.75,CALL,0.65,3,UP,PUT,0.6021731261242533,37.8,PUT,0.65,-2.92,1,3,0,SUPER_3,PUT,3,576.86,593.7,551.6,534.76,509.5,0.67
2025-03-05T00:00:00.000Z,583.06,PUT,0.6,CALL,0.65,4,UP,PUT,0.5961137620595984,39.5,PUT,0.65,-1.93,1,3,0,SUPER_3,PUT,3,583.06,600.62,556.72,539.16,512.82,0.62
2025-03-06T00:00:00.000Z,572.71,PUT,0.6,CALL,0.65,5,UP,PUT,0.6288224811752231,33.6,PUT,0.65,-2.11,1,3,0,SUPER_3,PUT,3,572.71,591.15,545.05,526.61,498.95,0.63
2025-03-07T00:00:00.000Z,575.92,PUT,0.6,CALL,0.65,1,UP,PUT,0.6256284176536736,34.5,PUT,0.65,-3.07,1,3,0,SUPER_3,PUT,3,575.92,595.76,546.16,526.32,496.56,0.63
2025-03-12T00:00:00.000Z,558.87,PUT,0.6,PUT,0.65,4,DOWN,CALL,0.6,28.9,PUT,0.65,-4.15,1,3,0,SUPER_3,PUT,3,558.87,584.87,522.87,498.87,462.87,0.63
2025-03-14T00:00:00.000Z,562.81,PUT,0.6,HOLD,0.0,1,DOWN,PUT,0.6677048107009447,30.9,PUT,0.65,-2.28,0,3,1,SUPER_3,PUT,3,562.81,587.43,525.88,501.26,464.33,0.64
2025-03-17T00:00:00.000Z,567.15,PUT,0.6,PUT,0.65,2,DOWN,PUT,0.6560640488882719,33.4,CALL,0.55,1.17,1,3,0,SUPER_3,PUT,3,567.15,593.67,530.43,505.95,469.23,0.64
2025-03-19T00:00:00.000Z,567.13,PUT,0.6,PUT,0.65,4,DOWN,PUT,0.663876535594841,33.5,CALL,0.55,1.48,1,3,0,SUPER_3,PUT,3,567.13,593.17,531.07,507.03,470.97,0.64
2025-03-24T00:00:00.000Z,574.08,PUT,0.6,PUT,0.65,2,DOWN,PUT,0.6066345385212009,41.7,CALL,0.55,1.22,1,3,0,SUPER_3,PUT,3,574.08,597.61,541.5,519.78,487.2,0.62
2025-03-26T00:00:00.000Z,568.59,PUT,0.6,PUT,0.65,4,DOWN,PUT,0.6142337647331958,40.9,HOLD,0.0,0.26,0,3,1,SUPER_3,PUT,3,568.59,590.13,538.77,518.89,489.07,0.62
2025-03-28T00:00:00.000Z,555.66,PUT,0.6,HOLD,0.0,1,DOWN,PUT,0.6478900566017689,35.7,PUT,0.65,-1.48,0,3,1,SUPER_3,PUT,3,555.66,573.52,528.87,511.01,484.22,0.63
2025-04-01T00:00:00.000Z,560.97,PUT,0.6,HOLD,0.0,3,DOWN,PUT,0.5895489961866647,43.7,PUT,0.65,-2.52,0,3,1,SUPER_3,PUT,3,560.97,579.07,533.82,515.72,488.57,0.61
2025-04-03T00:00:00.000Z,536.7,PUT,0.6,HOLD,0.0,5,DOWN,PUT,0.6434727177466255,36.7,PUT,0.65,-5.36,0,3,1,SUPER_3,PUT,3,536.7,557.46,505.56,484.8,453.66,0.63
2025-04-09T00:00:00.000Z,548.62,PUT,0.6,PUT,0.65,4,DOWN,HOLD,0.0,48.8,PUT,0.65,-2.82,0,3,1,SUPER_3,PUT,3,548.62,591.39,489.4,449.92,390.7,0.63
2025-04-10T00:00:00.000Z,524.58,PUT,0.6,HOLD,0.0,5,DOWN,PUT,0.609601442254353,45.0,PUT,0.65,-2.26,0,3,1,SUPER_3,PUT,3,524.58,568.62,458.52,414.48,348.42,0.62
2025-04-14T00:00:00.000Z,539.12,PUT,0.6,PUT,0.65,2,DOWN,PUT,0.6108355777072744,44.9,CALL,0.55,6.89,1,3,0,SUPER_3,PUT,3,539.12,588.82,470.3,424.42,355.6,0.62
2025-04-21T00:00:00.000Z,513.88,PUT,0.6,HOLD,0.0,1,DOWN,PUT,0.6737234928929454,40.2,PUT,0.55,-3.76,0,3,1,SUPER_3,PUT,3,513.88,560.94,443.29,396.23,325.64,0.61
2025-04-24T00:00:00.000Z,546.69,PUT,0.6,PUT,0.65,4,DOWN,PUT,0.5924412950931888,46.9,CALL,0.55,4.0,1,3,0,SUPER_3,PUT,3,546.69,597.04,476.97,430.49,360.77,0.61
2025-04-25T00:00:00.000Z,550.64,PUT,0.6,PUT,0.65,5,DOWN,PUT,0.5776198048284182,48.0,CALL,0.55,4.6,1,3,0,SUPER_3,PUT,3,550.64,597.22,486.14,443.14,378.64,0.61
2025-05-07T00:00:00.000Z,561.15,CALL,0.75,PUT,0.65,3,DOWN,CALL,0.7453730184242372,68.9,CALL,0.55,1.19,3,1,0,SUPER_3,CALL,3,561.15,540.09,592.74,613.8,645.39,0.68
2025-05-08T00:00:00.000Z,565.06,CALL,0.6,PUT,0.65,4,DOWN,CALL,0.5982957651034946,56.6,CALL,0.55,1.18,3,1,0,SUPER_3,CALL,3,565.06,543.72,597.07,618.41,650.42,0.58
2025-05-15T00:00:00.000Z,590.46,CALL,0.6,CALL,0.65,4,UP,PUT,0.6,80.1,CALL,0.65,4.5,3,1,0,SUPER_3,CALL,3,590.46,572.3,615.6,632.36,657.5,0.63
2025-05-20T00:00:00.000Z,592.85,CALL,0.6,CALL,0.65,2,UP,PUT,0.6,88.0,CALL,0.65,1.02,3,1,0,SUPER_3,CALL,3,592.85,576.62,615.32,630.3,652.77,0.63
2025-05-28T00:00:00.000Z,587.73,CALL,0.6,CALL,0.65,2,UP,CALL,0.6396057093208478,69.1,PUT,0.55,-0.86,3,1,0,SUPER_3,CALL,3,587.73,570.96,610.95,626.43,649.65,0.63
2025-05-29T00:00:00.000Z,590.05,CALL,0.6,HOLD,0.0,3,UP,CALL,0.6449314715333279,69.8,CALL,0.65,1.23,3,0,1,SUPER_3,CALL,3,590.05,574.85,612.85,628.05,650.85,0.63
2025-06-02T00:00:00.000Z,592.71,CALL,0.6,HOLD,0.0,5,UP,CALL,0.6188064374312454,65.9,CALL,0.55,2.35,3,0,1,SUPER_3,CALL,3,592.71,578.63,613.83,627.91,649.03,0.59
2025-06-03T00:00:00.000Z,596.09,CALL,0.6,HOLD,0.0,1,UP,CALL,0.6359618921386098,69.8,CALL,0.65,0.84,3,0,1,SUPER_3,CALL,3,596.09,582.15,617.0,630.94,651.85,0.63
2025-06-04T00:00:00.000Z,595.93,CALL,0.6,CALL,0.65,2,UP,PUT,0.6,74.0,CALL,0.65,1.4,3,1,0,SUPER_3,CALL,3,595.93,580.98,616.63,630.43,651.13,0.63
2025-06-06T00:00:00.000Z,599.14,CALL,0.6,CALL,0.65,4,UP,PUT,0.6,71.3,CALL,0.65,1.65,3,1,0,SUPER_3,CALL,3,599.14,583.47,620.83,635.29,656.98,0.63
2025-06-10T00:00:00.000Z,603.08,CALL,0.6,HOLD,0.0,1,UP,CALL,0.6016876893175276,65.3,CALL,0.65,1.17,3,0,1,SUPER_3,CALL,3,603.08,589.4,623.6,637.28,657.8,0.62
2025-06-12T00:00:00.000Z,603.75,CALL,0.6,HOLD,0.0,3,UP,CALL,0.5915482596905046,62.4,CALL,0.65,1.8,3,0,1,SUPER_3,CALL,3,603.75,590.97,622.92,635.7,654.87,0.61
2025-06-13T00:00:00.000Z,597.0,CALL,0.6,CALL,0.65,4,UP,CALL,0.56745153614378,54.9,HOLD,0.0,-0.36,3,0,1,SUPER_3,CALL,3,597.0,583.02,616.35,629.25,648.6,0.61
2025-06-16T00:00:00.000Z,602.68,CALL,0.6,HOLD,0.0,5,UP,CALL,0.5722218259629599,56.1,CALL,0.65,0.5,3,0,1,SUPER_3,CALL,3,602.68,590.56,620.86,632.98,651.16,0.61
2025-06-24T00:00:00.000Z,606.78,CALL,0.6,HOLD,0.0,5,UP,CALL,0.6209566854101205,68.6,CALL,0.65,0.68,3,0,1,SUPER_3,CALL,3,606.78,594.68,624.93,637.03,655.18,0.62
2025-06-25T00:00:00.000Z,607.12,CALL,0.6,HOLD,0.0,1,UP,CALL,0.5906114026498541,62.6,CALL,0.65,1.6,3,0,1,SUPER_3,CALL,3,607.12,594.94,625.39,637.57,655.84,0.61
2025-06-27T00:00:00.000Z,614.91,CALL,0.6,HOLD,0.0,3,UP,CALL,0.6125566163308915,68.9,CALL,0.65,3.47,3,0,1,SUPER_3,CALL,3,614.91,603.43,632.13,643.61,660.83,0.62
2025-06-30T00:00:00.000Z,617.85,CALL,0.6,CALL,0.65,4,UP,PUT,0.6,70.9,CALL,0.65,2.95,3,1,0,SUPER_3,CALL,3,617.85,605.18,635.4,647.1,664.65,0.63
2025-07-01T00:00:00.000Z,617.65,CALL,0.6,HOLD,0.0,5,UP,CALL,0.6124712529333906,69.2,CALL,0.65,1.79,3,0,1,SUPER_3,CALL,3,617.65,606.11,634.96,646.5,663.81,0.62
2025-07-02T00:00:00.000Z,620.45,CALL,0.6,HOLD,0.0,1,UP,CALL,0.6107172903000235,68.9,CALL,0.65,2.2,3,0,1,SUPER_3,CALL,3,620.45,609.19,637.34,648.6,665.49,0.62
2025-07-03T00:00:00.000Z,625.34,CALL,0.6,CALL,0.65,2,UP,PUT,0.6,71.1,CALL,0.65,2.2,3,1,0,SUPER_3,CALL,3,625.34,612.88,642.59,654.09,671.34,0.63
2025-07-07T00:00:00.000Z,620.68,CALL,0.6,HOLD,0.0,3,UP,CALL,0.6190132330441058,69.6,CALL,0.65,0.94,3,0,1,SUPER_3,CALL,3,620.68,609.3,637.75,649.13,666.2,0.62
2025-07-09T00:00:00.000Z,624.06,CALL,0.6,HOLD,0.0,5,UP,CALL,0.6104312600565939,67.8,CALL,0.65,1.04,3,0,1,SUPER_3,CALL,3,624.06,613.6,639.75,650.21,665.9,0.62
2025-07-10T00:00:00.000Z,625.82,CALL,0.6,HOLD,0.0,1,UP,CALL,0.6061570867693404,67.0,CALL,0.65,0.87,3,0,1,SUPER_3,CALL,3,625.82,615.48,641.33,651.67,667.18,0.62
2025-07-11T00:00:00.000Z,623.62,CALL,0.6,CALL,0.65,2,UP,CALL,0.605162044450311,66.6,HOLD,0.0,-0.28,3,0,1,SUPER_3,CALL,3,623.62,612.76,638.65,648.67,663.7,0.62
2025-07-14T00:00:00.000Z,624.81,CALL,0.6,HOLD,0.0,3,UP,CALL,0.6020628771574128,66.0,CALL,0.65,0.67,3,0,1,SUPER_3,CALL,3,624.81,615.55,638.7,647.96,661.85,0.62
2025-07-15T00:00:00.000Z,622.14,CALL,0.6,CALL,0.65,4,UP,PUT,0.6,70.4,CALL,0.65,0.29,3,1,0,SUPER_3,CALL,3,622.14,612.41,635.61,644.59,658.06,0.63
2025-07-18T00:00:00.000Z,627.58,CALL,0.6,CALL,0.65,2,UP,PUT,0.6,76.4,CALL,0.65,0.64,3,1,0,SUPER_3,CALL,3,627.58,617.83,641.08,650.08,663.58,0.63
2025-07-22T00:00:00.000Z,628.86,CALL,0.6,CALL,0.65,4,UP,PUT,0.6,79.1,CALL,0.65,1.08,3,1,0,SUPER_3,CALL,3,628.86,619.13,642.33,651.31,664.78,0.63
2025-07-25T00:00:00.000Z,637.1,CALL,0.6,CALL,0.65,2,UP,PUT,0.6,77.3,CALL,0.65,1.52,3,1,0,SUPER_3,CALL,3,637.1,628.37,649.19,657.25,669.34,0.63
2025-07-29T00:00:00.000Z,635.26,CALL,0.6,CALL,0.65,4,UP,PUT,0.6,70.7,CALL,0.65,1.02,3,1,0,SUPER_3,CALL,3,635.26,626.55,647.32,655.36,667.42,0.63
2025-08-05T00:00:00.000Z,627.97,CALL,0.6,CALL,0.65,4,UP,CALL,0.568914082232149,57.1,PUT,0.55,-1.15,3,1,0,SUPER_3,CALL,3,627.97,616.31,644.11,654.87,671.01,0.61
2025-08-11T00:00:00.000Z,635.92,CALL,0.6,HOLD,0.0,3,UP,CALL,0.5770625836608589,59.8,CALL,0.55,0.75,3,0,1,SUPER_3,CALL,3,635.92,623.98,653.83,665.77,683.68,0.58
2025-08-13T00:00:00.000Z,644.89,CALL,0.6,HOLD,0.0,5,UP,CALL,0.599561242038487,66.7,CALL,0.65,1.91,3,0,1,SUPER_3,CALL,3,644.89,632.53,663.43,675.79,694.33,0.62
2025-08-14T00:00:00.000Z,644.95,CALL,0.6,HOLD,0.0,1,UP,CALL,0.5905213447618746,64.6,CALL,0.65,2.01,3,0,1,SUPER_3,CALL,3,644.95,632.57,663.52,675.9,694.47,0.61
2025-08-18T00:00:00.000Z,643.3,CALL,0.6,HOLD,0.0,3,UP,CALL,0.5849374710946841,62.6,CALL,0.65,1.16,3,0,1,SUPER_3,CALL,3,643.3,631.12,661.57,673.75,692.02,0.61
2025-08-19T00:00:00.000Z,639.81,CALL,0.6,CALL,0.65,4,UP,CALL,0.5765850388512556,59.0,HOLD,0.0,-0.45,3,0,1,SUPER_3,CALL,3,639.81,626.7,657.96,670.06,688.21,0.61
2025-08-27T00:00:00.000Z,646.63,CALL,0.6,HOLD,0.0,5,UP,CALL,0.579341352926031,58.6,CALL,0.65,1.34,3,0,1,SUPER_3,CALL,3,646.63,637.15,660.85,670.33,684.55,0.61
2025-08-28T00:00:00.000Z,648.92,CALL,0.6,HOLD,0.0,1,UP,CALL,0.5902803420677146,61.8,CALL,0.65,2.1,3,0,1,SUPER_3,CALL,3,648.92,639.62,662.87,672.17,686.12,0.61
2025-08-29T00:00:00.000Z,645.05,CALL,0.6,CALL,0.65,2,UP,CALL,0.6059202048309769,68.1,HOLD,0.0,-0.04,3,0,1,SUPER_3,CALL,3,645.05,634.74,659.33,668.85,683.13,0.62
2025-09-03T00:00:00.000Z,643.74,CALL,0.6,CALL,0.65,4,UP,CALL,0.5877394419497457,63.2,HOLD,0.0,-0.22,3,0,1,SUPER_3,CALL,3,643.74,632.86,658.8,668.84,683.9,0.61
2025-09-04T00:00:00.000Z,649.12,CALL,0.6,HOLD,0.0,5,UP,CALL,0.5887861566556567,63.4,CALL,0.65,0.39,3,0,1,SUPER_3,CALL,3,649.12,638.74,664.69,675.07,690.64,0.61
2025-09-09T00:00:00.000Z,650.33,CALL,0.6,HOLD,0.0,3,UP,CALL,0.5841207042957685,62.2,CALL,0.65,1.57,3,0,1,SUPER_3,CALL,3,650.33,639.37,666.77,677.73,694.17,0.61
2025-09-11T00:00:00.000Z,657.63,CALL,0.6,HOLD,0.0,5,UP,CALL,0.5798186164440468,61.0,CALL,0.65,1.31,3,0,1,SUPER_3,CALL,3,657.63,646.79,673.89,684.73,700.99,0.61
2025-09-12T00:00:00.000Z,657.41,CALL,0.6,HOLD,0.0,1,UP,CALL,0.5791772558345252,60.7,CALL,0.65,1.57,3,0,1,SUPER_3,CALL,3,657.41,647.81,671.81,681.41,695.81,0.61
2025-09-16T00:00:00.000Z,660.0,CALL,0.6,HOLD,0.0,3,UP,CALL,0.5889360765778588,63.7,CALL,0.65,1.49,3,0,1,SUPER_3,CALL,3,660.0,650.5,674.25,683.75,698.0,0.61
2025-09-22T00:00:00.000Z,666.84,CALL,0.6,CALL,0.65,2,UP,PUT,0.6,70.6,CALL,0.65,0.9,3,1,0,SUPER_3,CALL,3,666.84,656.64,680.97,690.39,704.52,0.63
2025-09-23T00:00:00.000Z,663.21,CALL,0.6,HOLD,0.0,3,UP,CALL,0.5979812784396552,69.7,CALL,0.65,0.49,3,0,1,SUPER_3,CALL,3,663.21,653.59,677.64,687.26,701.69,0.62
2025-09-29T00:00:00.000Z,663.68,CALL,0.6,CALL,0.65,2,UP,CALL,0.5930332397964736,67.6,HOLD,0.0,-0.47,3,0,1,SUPER_3,CALL,3,663.68,653.45,677.84,687.28,701.44,0.61
2025-10-01T00:00:00.000Z,668.45,CALL,0.6,CALL,0.65,4,UP,PUT,0.6,74.9,CALL,0.65,1.11,3,1,0,SUPER_3,CALL,3,668.45,658.05,682.85,692.45,706.85,0.63
2025-10-06T00:00:00.000Z,671.61,CALL,0.6,CALL,0.65,2,UP,PUT,0.6,75.8,CALL,0.65,1.19,3,1,0,SUPER_3,CALL,3,671.61,660.73,686.67,696.71,711.77,0.63
2025-10-08T00:00:00.000Z,673.11,CALL,0.6,CALL,0.65,4,UP,PUT,0.6,72.2,CALL,0.65,0.7,3,1,0,SUPER_3,CALL,3,673.11,662.8,687.39,696.91,711.19,0.63
2025-10-09T00:00:00.000Z,671.16,CALL,0.6,HOLD,0.0,5,UP,CALL,0.5807575778694322,65.5,CALL,0.65,0.29,3,0,1,SUPER_3,CALL,3,671.16,661.56,685.56,695.16,709.56,0.61
2025-10-20T00:00:00.000Z,671.3,CALL,0.6,CALL,0.65,2,UP,HOLD,0.0,53.1,CALL,0.55,1.25,3,0,1,SUPER_3,CALL,3,671.3,653.32,696.2,712.8,737.7,0.6
2025-10-21T00:00:00.000Z,671.29,CALL,0.6,HOLD,0.0,3,UP,CALL,0.5691797068739144,55.7,CALL,0.65,1.37,3,0,1,SUPER_3,CALL,3,671.29,655.15,695.5,711.64,735.85,0.61
2025-10-22T00:00:00.000Z,667.8,CALL,0.6,CALL,0.65,4,UP,CALL,0.5661535329881296,54.7,HOLD,0.0,0.4,3,0,1,SUPER_3,CALL,3,667.8,649.56,693.06,709.9,735.16,0.61
2025-10-23T00:00:00.000Z,671.76,CALL,0.6,HOLD,0.0,5,UP,CALL,0.5819686960688568,59.3,CALL,0.65,1.68,3,0,1,SUPER_3,CALL,3,671.76,654.86,697.11,714.01,739.36,0.61
2025-10-24T00:00:00.000Z,677.25,CALL,0.6,HOLD,0.0,1,UP,CALL,0.5856339665955588,60.1,CALL,0.65,1.94,3,0,1,SUPER_3,CALL,3,677.25,659.87,703.32,720.7,746.77,0.61
2025-10-28T00:00:00.000Z,687.06,CALL,0.6,HOLD,0.0,3,UP,CALL,0.5974485780350682,62.6,CALL,0.65,2.35,3,0,1,SUPER_3,CALL,3,687.06,669.26,713.76,731.56,758.26,0.62
2025-10-30T00:00:00.000Z,679.83,CALL,0.6,HOLD,0.0,5,UP,CALL,0.5748327450007013,56.3,CALL,0.65,1.2,3,0,1,SUPER_3,CALL,3,679.83,663.67,704.07,720.23,744.47,0.61
2025-10-31T00:00:00.000Z,682.06,CALL,0.6,HOLD,0.0,1,UP,CALL,0.5797755068884844,57.3,CALL,0.65,0.71,3,0,1,SUPER_3,CALL,3,682.06,666.78,704.98,720.26,743.18,0.61
2025-11-03T00:00:00.000Z,683.34,CALL,0.6,CALL,0.65,2,UP,CALL,0.5772110312071228,56.8,HOLD,0.0,-0.28,3,0,1,SUPER_3,CALL,3,683.34,667.85,704.79,719.09,740.54,0.61
2025-11-10T00:00:00.000Z,681.44,CALL,0.6,CALL,0.65,2,UP,CALL,0.5919059565370713,61.5,HOLD,0.0,-0.28,3,0,1,SUPER_3,CALL,3,681.44,665.32,703.76,718.64,740.96,0.61
2025-11-11T00:00:00.000Z,683.0,CALL,0.6,HOLD,0.0,3,UP,CALL,0.5971723298388729,62.8,CALL,0.55,1.15,3,0,1,SUPER_3,CALL,3,683.0,668.66,704.51,718.85,740.36,0.58
