Date,Open,High,Low,Close,Volume,ATR,FastSMA,SlowSMA,Bias,GeoLevel,PhiLevel,PriceConfluence,TimeConfluence
2023-01-09 00:00:00-05:00,61.58,62.86,61.56,61.74,21427200,,,,NEUTRAL,63.72,99.89,0,1
2023-01-10 00:00:00-05:00,61.59,62.22,61.26,62.12,17209000,,,,NEUTRAL,64.1,100.51,1,2
2023-01-11 00:00:00-05:00,62.31,63.19,62.12,63.19,13758000,,,,NEUTRAL,65.2,102.25,1,2
2023-01-12 00:00:00-05:00,63.29,63.95,62.52,63.66,15358600,,,,NEUTRAL,65.68,103.01,2,2
2023-01-13 00:00:00-05:00,63.06,63.94,62.92,63.85,10153200,,,,NEUTRAL,65.86,103.3,1,1
2023-01-17 00:00:00-05:00,63.76,64.51,63.68,64.13,10425800,,,,NEUTRAL,66.15,103.77,2,2
2023-01-18 00:00:00-05:00,64.5,64.84,63.27,63.31,13936000,,,,NEUTRAL,65.31,102.43,1,2
2023-01-19 00:00:00-05:00,62.81,63.17,62.34,62.57,14645000,,,,NEUTRAL,64.56,101.24,1,2
2023-01-20 00:00:00-05:00,62.88,64.31,62.66,64.26,14127800,,63.2,,NEUTRAL,66.28,103.98,1,1
2023-01-23 00:00:00-05:00,64.52,66.1,64.37,65.72,23472600,,63.65,,NEUTRAL,67.77,106.34,2,1
2023-01-24 00:00:00-05:00,65.35,65.94,65.25,65.7,12575600,,64.04,,NEUTRAL,67.74,106.29,0,2
2023-01-25 00:00:00-05:00,64.58,65.72,63.98,65.56,14342200,,64.31,,NEUTRAL,67.6,106.07,1,2
2023-01-26 00:00:00-05:00,66.2,66.63,65.51,66.61,11161800,,64.63,,NEUTRAL,68.66,107.77,1,2
2023-01-27 00:00:00-05:00,66.18,67.35,66.16,66.88,13549400,1.2253,64.97,,NEUTRAL,68.94,108.22,2,1
2023-01-30 00:00:00-05:00,66.12,66.4,65.55,65.61,9705600,1.1928,65.13,,NEUTRAL,67.65,106.15,0,1
2023-01-31 00:00:00-05:00,65.61,66.55,65.56,66.52,8871600,1.1949,65.49,,NEUTRAL,68.58,107.63,1,2
2023-02-01 00:00:00-05:00,66.47,68.63,66.16,68.09,18852800,1.2952,66.11,,NEUTRAL,70.17,110.17,2,2
2023-02-02 00:00:00-05:00,69.25,70.34,68.93,69.95,18824000,1.2931,66.74,,NEUTRAL,72.05,113.17,1,2
2023-02-03 00:00:00-05:00,68.74,70.5,68.64,69.36,16145400,1.3529,67.14,,NEUTRAL,71.46,112.23,0,1
2023-02-06 00:00:00-05:00,68.6,69.13,68.26,68.52,12977400,1.356,67.45,,NEUTRAL,70.6,110.86,0,1
2023-02-07 00:00:00-05:00,68.62,70.5,68.59,70.23,15708200,1.3798,67.97,65.6,BULLISH,72.34,113.63,3,2
2023-02-08 00:00:00-05:00,70.37,70.74,69.24,69.38,12577000,1.428,68.28,65.96,BULLISH,71.48,112.26,1,2
2023-02-09 00:00:00-05:00,70.46,70.57,68.73,69.0,12624000,1.4416,68.52,66.29,BULLISH,71.1,111.65,2,2
2023-02-10 00:00:00-05:00,68.49,68.92,68.03,68.68,9861600,1.3815,68.86,66.55,BULLISH,70.77,111.13,0,1
2023-02-13 00:00:00-05:00,68.95,70.03,68.91,69.87,8411800,1.4119,69.23,66.85,BULLISH,71.98,113.06,2,1
2023-02-14 00:00:00-05:00,69.55,70.57,69.11,70.17,12622000,1.3916,69.46,67.15,BULLISH,72.28,113.54,3,2
2023-02-15 00:00:00-05:00,69.75,70.5,69.58,70.5,10491000,1.3777,69.53,67.45,BULLISH,72.61,114.07,2,2
2023-02-16 00:00:00-05:00,69.48,70.27,69.22,69.28,13001200,1.3665,69.52,67.74,BULLISH,71.37,112.09,1,2
2023-02-17 00:00:00-05:00,68.78,68.86,67.81,68.41,10606600,1.3805,69.5,68.01,BULLISH,70.49,110.69,0,1
2023-02-21 00:00:00-05:00,67.5,67.9,66.73,66.79,12277800,1.3937,69.12,68.14,BULLISH,68.84,108.06,1,2
2023-02-22 00:00:00-05:00,66.92,67.23,66.37,66.69,14338400,1.2781,68.82,68.18,BULLISH,68.75,107.9,1,2
2023-02-23 00:00:00-05:00,67.93,68.05,66.84,67.79,13120000,1.2641,68.69,68.28,BULLISH,69.87,109.69,1,2
2023-02-24 00:00:00-05:00,66.59,66.87,66.2,66.59,14347400,1.1795,68.45,68.33,BULLISH,68.64,107.74,1,1
2023-02-27 00:00:00-05:00,67.26,67.6,66.82,66.94,9389000,1.1725,68.13,68.35,BEARISH,69.0,108.31,2,1
2023-02-28 00:00:00-05:00,66.73,67.44,66.61,66.8,10485800,1.096,67.75,68.34,BEARISH,68.85,108.08,2,2
2023-03-01 00:00:00-05:00,66.83,66.93,66.1,66.31,15069400,1.0481,67.29,68.38,BEARISH,68.36,107.28,2,2
2023-03-02 00:00:00-05:00,66.13,67.33,66.01,67.12,10969400,1.0107,67.05,68.4,BEARISH,69.19,108.61,1,2
2023-03-03 00:00:00-05:00,67.55,68.57,67.49,68.57,14439600,1.0247,67.07,68.43,BEARISH,70.65,110.94,2,1
2023-03-06 00:00:00-05:00,69.01,69.83,68.84,68.9,15999200,1.0156,67.3,68.38,BEARISH,70.99,111.47,2,1
2023-03-07 00:00:00-05:00,68.84,69.11,67.87,68.04,14120000,0.9999,67.45,68.31,BEARISH,70.12,110.09,0,2
2023-03-08 00:00:00-05:00,68.28,68.68,67.88,68.6,13247000,0.9915,67.54,68.32,BEARISH,70.69,111.0,1,2
2023-03-09 00:00:00-05:00,68.71,69.48,67.49,67.62,15624600,1.0596,67.65,68.19,BEARISH,69.69,109.41,2,2
2023-03-10 00:00:00-05:00,67.52,67.69,66.16,66.43,30556800,1.0939,67.6,68.05,BEARISH,68.48,107.48,2,1
2023-03-13 00:00:00-04:00,66.01,67.72,65.6,66.79,34439400,1.161,67.6,67.95,BEARISH,68.85,108.07,3,1
2023-03-14 00:00:00-04:00,67.65,68.57,67.37,68.33,21202200,1.1854,67.82,67.93,BEARISH,70.41,110.56,1,2
2023-03-15 00:00:00-04:00,67.58,68.45,67.26,68.37,23060000,1.1847,67.96,67.86,BULLISH,70.45,110.63,3,2
2023-03-16 00:00:00-04:00,68.13,70.39,67.91,70.29,26086800,1.3137,68.15,67.86,BULLISH,72.4,113.73,3,2
2023-03-17 00:00:00-04:00,70.43,71.03,69.78,70.19,23078600,1.3476,68.3,67.85,BULLISH,72.3,113.57,1,1
2023-03-20 00:00:00-04:00,70.07,70.47,69.54,70.38,11981600,1.3544,68.56,67.9,BULLISH,72.49,113.88,2,1
2023-03-21 00:00:00-04:00,70.76,71.08,70.03,70.95,13066400,1.3699,68.82,68.02,BULLISH,73.07,114.8,3,2
2023-03-22 00:00:00-04:00,70.95,72.36,70.2,70.24,14224400,1.4297,69.11,68.19,BULLISH,72.35,113.65,2,2
2023-03-23 00:00:00-04:00,71.14,72.35,70.71,71.39,17595800,1.4694,69.66,68.41,BULLISH,73.51,115.5,3,2
2023-03-24 00:00:00-04:00,71.16,71.61,70.69,71.57,11872600,1.4643,70.19,68.59,BULLISH,73.7,115.8,2,1
2023-03-27 00:00:00-04:00,71.68,71.93,70.85,71.02,10810600,1.4526,70.49,68.8,BULLISH,73.14,114.91,1,1
2023-03-28 00:00:00-04:00,70.9,70.92,70.05,70.68,9968000,1.4573,70.75,68.98,BULLISH,72.8,114.37,0,2
2023-03-29 00:00:00-04:00,71.57,72.33,71.47,72.17,14256600,1.376,70.95,69.24,BULLISH,74.31,116.76,3,2
2023-03-30 00:00:00-04:00,72.83,73.11,72.51,73.0,11202400,1.3094,71.27,69.56,BULLISH,75.16,118.12,2,2
2023-03-31 00:00:00-04:00,72.92,74.12,72.82,74.05,15069800,1.2508,71.67,69.88,BULLISH,76.22,119.81,3,1
2023-04-03 00:00:00-04:00,73.6,74.03,73.24,73.93,21142200,1.2216,72.01,70.14,BULLISH,76.1,119.62,2,1
2023-04-04 00:00:00-04:00,74.04,74.29,73.25,73.52,15824800,1.2106,72.37,70.36,BULLISH,75.68,118.96,1,2
2023-04-05 00:00:00-04:00,73.18,73.24,72.16,72.69,15737600,1.1108,72.52,70.58,BULLISH,74.83,117.61,1,2
2023-04-06 00:00:00-04:00,72.16,73.19,71.84,73.1,15696000,1.1177,72.68,70.8,BULLISH,75.25,118.27,2,2
2023-04-10 00:00:00-04:00,72.37,73.07,71.97,73.06,9517200,1.1299,72.91,71.06,BULLISH,75.21,118.21,1,1
2023-04-11 00:00:00-04:00,72.93,72.94,72.25,72.37,12791600,1.1044,73.1,71.34,BULLISH,74.51,117.1,1,2
2023-04-12 00:00:00-04:00,72.86,73.06,71.84,71.96,13235800,1.0371,73.08,71.58,BULLISH,74.1,116.43,1,2
2023-04-13 00:00:00-04:00,72.24,73.41,72.12,73.3,13641800,1.0122,73.11,71.82,BULLISH,75.45,118.6,3,2
2023-04-14 00:00:00-04:00,72.89,73.49,72.25,72.89,13003600,1.035,72.98,72.04,BULLISH,75.04,117.94,0,1
2023-04-17 00:00:00-04:00,72.98,73.32,72.59,73.16,8306000,1.0105,72.89,72.17,BULLISH,75.31,118.37,2,1
2023-04-18 00:00:00-04:00,73.72,73.91,73.06,73.38,9212800,1.0087,72.88,72.32,BULLISH,75.54,118.73,3,2
2023-04-19 00:00:00-04:00,72.72,73.31,72.62,73.17,8623200,0.9965,72.93,72.46,BULLISH,75.33,118.39,1,2
2023-04-20 00:00:00-04:00,72.5,73.41,72.37,72.69,11416200,1.0287,72.89,72.54,BULLISH,74.84,117.61,1,2
2023-04-21 00:00:00-04:00,72.37,72.59,71.98,72.46,12237600,0.9793,72.82,72.65,BULLISH,74.6,117.23,1,1
2023-04-24 00:00:00-04:00,72.17,72.52,71.6,72.14,9079800,0.9888,72.79,72.68,BULLISH,74.28,116.72,0,1
2023-04-25 00:00:00-04:00,71.78,71.92,70.57,70.6,11022600,1.0105,72.64,72.63,BULLISH,72.71,114.23,1,2
2023-04-26 00:00:00-04:00,71.84,72.39,71.47,71.65,13603400,0.9982,72.46,72.66,BEARISH,73.78,115.92,3,2
2023-04-27 00:00:00-04:00,71.98,73.22,71.81,73.17,12084800,1.0028,72.49,72.78,BEARISH,75.32,118.38,1,2
2023-04-28 00:00:00-04:00,73.17,73.98,73.09,73.96,11792000,0.9877,72.58,72.87,BEARISH,76.13,119.67,1,1
2023-05-01 00:00:00-04:00,73.9,74.36,73.78,74.0,8194400,0.9797,72.65,72.92,BEARISH,76.17,119.74,1,1
2023-05-02 00:00:00-04:00,74.09,74.18,72.93,73.31,12058800,0.9818,72.66,72.88,BEARISH,75.47,118.62,1,2
2023-05-03 00:00:00-04:00,73.4,73.88,72.66,72.7,11630200,0.9765,72.66,72.82,BEARISH,74.84,117.62,0,2
2023-05-04 00:00:00-04:00,72.41,72.84,72.05,72.35,10861000,0.9446,72.65,72.77,BEARISH,74.49,117.06,1,2
2023-05-05 00:00:00-04:00,73.05,74.41,72.95,74.16,12230000,0.9972,72.88,72.84,BULLISH,76.33,119.99,3,1
2023-05-08 00:00:00-04:00,74.02,74.19,73.67,74.12,6795600,0.9737,73.27,72.89,BULLISH,76.29,119.93,1,1
2023-05-09 00:00:00-04:00,73.72,73.85,73.48,73.55,12473200,0.9516,73.48,72.91,BULLISH,75.71,119.01,2,2
2023-05-10 00:00:00-04:00,74.2,74.62,73.73,74.45,10551800,0.9408,73.62,73.01,BULLISH,76.62,120.46,2,2
2023-05-11 00:00:00-04:00,74.33,74.33,73.6,74.12,8956800,0.9495,73.64,73.11,BULLISH,76.29,119.92,1,2
2023-05-12 00:00:00-04:00,74.24,74.35,73.45,74.02,7908000,0.9485,73.64,73.14,BULLISH,76.19,119.76,1,1
2023-05-15 00:00:00-04:00,74.09,74.65,73.83,74.63,6796600,0.9107,73.79,73.23,BULLISH,76.81,120.76,2,1
2023-05-16 00:00:00-04:00,74.53,75.12,74.5,74.71,9398200,0.8893,74.01,73.3,BULLISH,76.89,120.88,3,2
2023-05-17 00:00:00-04:00,75.02,75.83,74.68,75.71,11916600,0.8711,74.39,73.41,BULLISH,77.9,122.49,3,2
2023-05-18 00:00:00-04:00,75.8,77.37,75.8,77.26,15491200,0.9198,74.73,73.61,BULLISH,79.47,125.0,3,2
2023-05-19 00:00:00-04:00,77.28,77.41,76.96,77.22,9805000,0.9107,75.07,73.82,BULLISH,79.43,124.94,1,1
2023-05-22 00:00:00-04:00,76.99,77.57,76.86,77.37,10794200,0.8721,75.5,74.06,BULLISH,79.58,125.18,3,1
2023-05-23 00:00:00-04:00,76.98,77.3,76.2,76.23,11691000,0.8641,75.7,74.25,BULLISH,78.42,123.33,2,2
2023-05-24 00:00:00-04:00,75.62,75.97,75.26,75.67,10925600,0.8588,75.87,74.49,BULLISH,77.86,122.43,0,2
2023-05-25 00:00:00-04:00,77.68,78.88,77.27,78.57,18078000,0.869,76.37,74.82,BULLISH,80.8,127.13,3,2
2023-05-26 00:00:00-04:00,78.77,80.94,78.76,80.8,15160000,0.9877,77.06,75.19,BULLISH,83.06,130.74,2,1
2023-05-30 00:00:00-04:00,81.99,82.4,81.06,81.23,18123600,1.0564,77.78,75.53,BULLISH,83.5,131.43,3,2
2023-05-31 00:00:00-04:00,80.77,81.53,80.51,80.56,19301000,1.0651,78.32,75.84,BULLISH,82.82,130.34,2,2
2023-06-01 00:00:00-04:00,80.3,81.72,80.04,81.37,17419400,1.1331,78.78,76.23,BULLISH,83.65,131.66,2,2
2023-06-02 00:00:00-04:00,81.86,82.22,81.26,81.84,14270600,1.1366,79.29,76.66,BULLISH,84.12,132.42,2,1
2023-06-05 00:00:00-04:00,81.79,82.34,81.23,81.37,10909000,1.1572,79.74,77.09,BULLISH,83.64,131.66,1,1
2023-06-06 00:00:00-04:00,81.17,81.53,80.77,81.35,9975600,1.1677,80.31,77.44,BULLISH,83.62,131.62,1,2
2023-06-07 00:00:00-04:00,81.19,81.83,79.97,80.13,13703800,1.2178,80.8,77.72,BULLISH,82.39,129.66,1,2
2023-06-08 00:00:00-04:00,80.25,81.13,80.19,81.0,10665200,1.1727,81.07,78.08,BULLISH,83.27,131.06,1,2
2023-06-09 00:00:00-04:00,81.39,82.24,81.13,81.4,14413600,1.2196,81.14,78.41,BULLISH,83.68,131.71,3,1
2023-06-12 00:00:00-04:00,81.96,83.21,81.8,83.17,13787200,1.27,81.36,78.84,BULLISH,85.47,134.58,2,1
2023-06-13 00:00:00-04:00,83.91,84.08,83.0,83.68,16595800,1.2679,81.7,79.3,BULLISH,85.98,135.39,3,2
2023-06-14 00:00:00-04:00,83.58,84.57,83.29,84.54,16769000,1.3082,82.06,79.77,BULLISH,86.86,136.79,3,2
2023-06-15 00:00:00-04:00,84.2,86.01,84.18,85.63,17732600,1.3243,82.48,80.29,BULLISH,87.96,138.55,3,2
2023-06-16 00:00:00-04:00,86.45,86.45,84.84,84.92,17366600,1.2833,82.87,80.73,BULLISH,87.24,137.41,1,1
2023-06-20 00:00:00-04:00,84.44,84.96,83.9,84.35,14137800,1.2635,83.2,81.07,BULLISH,86.66,136.48,1,2
2023-06-21 00:00:00-04:00,84.03,84.19,82.86,83.1,12058000,1.2861,83.53,81.35,BULLISH,85.4,134.46,0,2
2023-06-22 00:00:00-04:00,82.73,83.82,82.71,83.78,15224200,1.245,83.84,81.65,BULLISH,86.08,135.56,2,2
2023-06-23 00:00:00-04:00,82.75,83.36,82.52,82.87,14729000,1.2367,84.01,81.97,BULLISH,85.16,134.09,0,1
2023-06-26 00:00:00-04:00,82.95,83.67,82.22,82.28,10890200,1.2614,83.91,82.28,BULLISH,84.56,133.12,0,1
2023-06-27 00:00:00-04:00,82.61,84.09,82.53,83.9,13833000,1.3188,83.93,82.54,BULLISH,86.2,135.75,2,2
2023-06-28 00:00:00-04:00,83.43,84.4,83.37,83.95,11371600,1.2597,83.87,82.69,BULLISH,86.25,135.83,2,2
2023-06-29 00:00:00-04:00,84.04,84.25,83.59,84.1,9128200,1.2399,83.69,82.82,BULLISH,86.4,136.07,2,2
2023-06-30 00:00:00-04:00,84.93,85.65,84.87,85.43,11398400,1.2165,83.75,83.06,BULLISH,87.76,138.23,3,1
2023-07-03 00:00:00-04:00,85.42,85.46,84.82,85.25,6182200,1.1613,83.85,83.24,BULLISH,87.57,137.93,1,1
2023-07-05 00:00:00-04:00,84.66,85.36,84.58,84.72,9395600,1.14,84.03,83.38,BULLISH,87.04,137.08,2,2
2023-07-06 00:00:00-04:00,83.89,84.58,83.63,84.5,12116400,1.116,84.11,83.53,BULLISH,86.81,136.72,2,2
2023-07-07 00:00:00-04:00,84.36,85.15,84.08,84.13,11622200,1.0611,84.25,83.66,BULLISH,86.44,136.12,0,1
2023-07-10 00:00:00-04:00,83.83,84.36,83.51,84.35,16877200,1.007,84.48,83.86,BULLISH,86.66,136.48,2,1
2023-07-11 00:00:00-04:00,84.53,84.63,83.71,84.53,9996000,0.9968,84.55,84.03,BULLISH,86.85,136.77,1,2
2023-07-12 00:00:00-04:00,85.38,85.89,84.91,85.49,16104400,0.9719,84.72,84.22,BULLISH,87.82,138.32,3,2
2023-07-13 00:00:00-04:00,86.08,86.79,85.9,86.61,9349200,0.9568,85.0,84.39,BULLISH,88.95,140.13,2,2
2023-07-14 00:00:00-04:00,86.82,87.5,86.23,86.48,11543800,0.9877,85.12,84.52,BULLISH,88.82,139.92,2,1
2023-07-17 00:00:00-04:00,86.64,87.84,86.54,87.58,11858800,0.9764,85.38,84.66,BULLISH,89.94,141.71,3,1
2023-07-18 00:00:00-04:00,87.38,89.0,86.93,88.58,16406000,1.0133,85.81,84.81,BULLISH,90.95,143.32,3,2
2023-07-19 00:00:00-04:00,88.8,89.17,88.02,88.36,20990000,1.0217,86.23,84.97,BULLISH,90.72,142.96,2,2
2023-07-20 00:00:00-04:00,87.79,88.16,86.32,86.59,24356000,1.1063,86.51,85.08,BULLISH,88.93,140.11,2,2
2023-07-21 00:00:00-04:00,87.14,87.58,86.44,86.55,14871400,1.1316,86.75,85.24,BULLISH,88.89,140.03,0,1
2023-07-24 00:00:00-04:00,86.93,87.14,86.37,86.7,11308200,1.1414,86.99,85.38,BULLISH,89.04,140.28,1,1
2023-07-25 00:00:00-04:00,86.98,87.98,86.97,87.69,10802200,1.1586,87.24,85.61,BULLISH,90.05,141.89,2,2
2023-07-26 00:00:00-04:00,86.77,86.98,85.9,86.51,15501600,1.1684,87.23,85.81,BULLISH,88.85,139.98,1,2
2023-07-27 00:00:00-04:00,87.68,87.95,85.87,86.26,13857000,1.2407,87.2,85.92,BULLISH,88.6,139.57,0,2
2023-07-28 00:00:00-04:00,87.06,87.7,86.88,87.44,11287400,1.2383,87.19,86.09,BULLISH,89.79,141.47,2,1
2023-07-31 00:00:00-04:00,87.52,87.75,87.14,87.64,10138400,1.2162,87.08,86.26,BULLISH,89.99,141.8,2,1
2023-08-01 00:00:00-04:00,87.35,87.97,87.12,87.79,8845800,1.2067,87.02,86.37,BULLISH,90.14,142.04,2,2
2023-08-02 00:00:00-04:00,87.01,87.07,85.3,85.61,15818600,1.2692,86.91,86.39,BULLISH,87.94,138.52,1,2
2023-08-03 00:00:00-04:00,84.92,85.77,84.86,85.26,11321000,1.2429,86.77,86.41,BULLISH,87.59,137.96,0,2
2023-08-04 00:00:00-04:00,84.98,85.49,83.97,84.11,14431800,1.2583,86.48,86.39,BULLISH,86.41,136.08,1,1
2023-08-07 00:00:00-04:00,84.46,84.75,83.73,84.34,9536000,1.1825,86.11,86.4,BEARISH,86.65,136.46,2,1
2023-08-08 00:00:00-04:00,83.75,83.8,82.85,83.69,11461800,1.1681,85.79,86.37,BEARISH,86.0,135.41,2,2
2023-08-09 00:00:00-04:00,83.81,83.81,82.33,82.61,14301800,1.1421,85.39,86.28,BEARISH,84.9,133.67,2,2
2023-08-10 00:00:00-04:00,83.24,83.96,82.21,82.62,12731400,1.186,84.85,86.14,BEARISH,84.91,133.68,2,2
2023-08-11 00:00:00-04:00,81.96,82.49,81.73,82.01,10772000,1.1853,84.23,85.93,BEARISH,84.29,132.7,1,1
2023-08-14 00:00:00-04:00,81.93,83.33,81.73,83.32,10328000,1.2267,83.73,85.77,BEARISH,85.62,134.81,2,1
2023-08-15 00:00:00-04:00,83.07,83.37,82.31,82.5,9366400,1.2253,83.39,85.53,BEARISH,84.78,133.48,1,2
2023-08-16 00:00:00-04:00,82.32,82.79,81.71,81.71,9779400,1.1544,82.99,85.21,BEARISH,83.99,132.21,2,2
2023-08-17 00:00:00-04:00,82.08,82.23,80.81,80.94,12614800,1.1972,82.64,84.85,BEARISH,83.2,130.95,2,2
2023-08-18 00:00:00-04:00,80.12,81.39,80.07,81.06,13658600,1.2481,82.27,84.59,BEARISH,83.33,131.15,3,1
2023-08-21 00:00:00-04:00,81.48,82.77,81.4,82.61,13132800,1.2857,82.15,84.4,BEARISH,84.89,133.66,1,1
2023-08-22 00:00:00-04:00,83.35,83.4,82.33,82.51,11361800,1.2358,82.14,84.2,BEARISH,84.8,133.51,0,2
2023-08-23 00:00:00-04:00,82.71,84.25,82.71,84.0,10113200,1.2811,82.3,84.03,BEARISH,86.31,135.92,1,2
2023-08-24 00:00:00-04:00,85.06,85.06,82.0,82.07,13929000,1.3917,82.3,83.81,BEARISH,84.35,132.78,2,2
2023-08-25 00:00:00-04:00,82.4,83.36,81.66,82.9,15686600,1.4401,82.25,83.65,BEARISH,85.19,134.13,2,1
2023-08-28 00:00:00-04:00,83.53,83.76,82.94,83.58,8963800,1.431,82.38,83.47,BEARISH,85.88,135.23,1,1
2023-08-29 00:00:00-04:00,83.34,85.34,83.25,85.26,13713800,1.4745,82.77,83.36,BEARISH,87.58,137.94,2,2
2023-08-30 00:00:00-04:00,85.27,85.99,84.98,85.9,12266600,1.4219,83.32,83.27,BULLISH,88.23,138.98,2,2
2023-08-31 00:00:00-04:00,86.1,86.65,86.0,86.32,11963400,1.4131,83.9,83.3,BULLISH,88.65,139.66,2,2
2023-09-01 00:00:00-04:00,86.86,86.97,86.14,86.58,9244600,1.3583,84.35,83.36,BULLISH,88.92,140.09,2,1
2023-09-05 00:00:00-04:00,86.37,87.16,86.09,86.89,10060400,1.3594,84.83,83.5,BULLISH,89.24,140.59,3,2
2023-09-06 00:00:00-04:00,86.55,86.77,85.44,85.97,18143200,1.3766,85.05,83.57,BULLISH,88.31,139.1,2,2
2023-09-07 00:00:00-04:00,84.38,84.92,84.07,84.73,12513600,1.3362,85.35,83.62,BULLISH,87.05,137.09,0,2
2023-09-08 00:00:00-04:00,84.72,85.45,84.69,84.91,8584800,1.2966,85.57,83.73,BULLISH,87.23,137.38,1,1
2023-09-11 00:00:00-04:00,85.65,85.73,84.6,85.35,8272800,1.279,85.77,83.86,BULLISH,87.67,138.09,1,1
2023-09-12 00:00:00-04:00,84.64,84.94,83.65,83.8,12243000,1.2948,85.61,83.95,BULLISH,86.1,135.59,1,2
2023-09-13 00:00:00-04:00,83.77,84.46,83.53,84.01,10008800,1.2516,85.4,83.98,BULLISH,86.32,135.93,1,2
2023-09-14 00:00:00-04:00,84.53,84.83,84.0,84.62,9473200,1.0926,85.21,84.08,BULLISH,86.94,136.92,1,2
2023-09-15 00:00:00-04:00,84.32,84.34,82.77,82.99,13116800,1.0835,84.81,84.14,BULLISH,85.29,134.29,1,1
2023-09-18 00:00:00-04:00,82.75,83.67,82.73,83.39,9943800,1.0921,84.42,84.26,BULLISH,85.69,134.93,1,1
2023-09-19 00:00:00-04:00,83.04,83.56,82.59,83.35,8236600,1.0125,84.13,84.37,BEARISH,85.65,134.86,1,2
2023-09-20 00:00:00-04:00,83.58,83.68,82.0,82.04,10760400,1.0602,83.83,84.34,BEARISH,84.32,132.74,2,2
2023-09-21 00:00:00-04:00,81.18,81.75,80.75,80.79,14741200,1.086,83.37,84.26,BEARISH,83.05,130.72,2,2
2023-09-22 00:00:00-04:00,81.14,81.7,80.78,80.96,12537800,1.0928,82.88,84.11,BEARISH,83.23,130.99,2,1
2023-09-25 00:00:00-04:00,80.75,81.35,80.55,81.22,10577400,1.0729,82.6,84.07,BEARISH,83.49,131.42,2,1
2023-09-26 00:00:00-04:00,80.69,80.73,79.48,79.76,14926000,1.0675,82.13,83.92,BEARISH,82.01,129.05,2,2
2023-09-27 00:00:00-04:00,80.14,80.3,79.09,79.88,11665200,1.0933,81.6,83.75,BEARISH,82.13,129.25,2,2
2023-09-28 00:00:00-04:00,79.5,80.96,79.13,80.45,12829400,1.1694,81.32,83.52,BEARISH,82.71,130.17,3,2
2023-09-29 00:00:00-04:00,81.24,82.0,80.45,80.72,15883800,1.1991,81.02,83.27,BEARISH,82.99,130.61,3,1
2023-10-02 00:00:00-04:00,80.76,81.83,80.64,81.59,13656200,1.1919,80.82,83.05,BEARISH,83.87,132.01,1,1
2023-10-03 00:00:00-04:00,81.13,81.68,79.79,80.21,14838800,1.2603,80.62,82.74,BEARISH,82.46,129.78,2,2
2023-10-04 00:00:00-04:00,80.27,81.42,80.27,81.21,15194200,1.2829,80.67,82.47,BEARISH,83.48,131.39,2,2
2023-10-05 00:00:00-04:00,81.2,81.45,80.34,81.32,12023000,1.2501,80.71,82.25,BEARISH,83.59,131.57,1,2
2023-10-06 00:00:00-04:00,80.76,83.19,80.52,82.84,16625600,1.3735,80.89,82.16,BEARISH,85.13,134.03,2,1
2023-10-09 00:00:00-04:00,82.33,83.39,81.95,83.27,13139200,1.407,81.28,82.08,BEARISH,85.56,134.72,1,1
2023-10-10 00:00:00-04:00,83.32,84.06,83.09,83.39,20402800,1.3563,81.67,81.99,BEARISH,85.69,134.93,2,2
2023-10-11 00:00:00-04:00,83.65,84.21,83.38,84.17,10389200,1.3433,82.08,82.01,BULLISH,86.48,136.18,2,2
2023-10-12 00:00:00-04:00,84.24,85.11,83.61,84.25,15405800,1.3844,82.47,82.02,BULLISH,86.56,136.31,3,2
2023-10-13 00:00:00-04:00,84.41,84.56,82.75,83.04,15183200,1.4565,82.63,81.94,BULLISH,85.33,134.36,1,1
2023-10-16 00:00:00-04:00,83.18,84.22,83.16,83.84,14544200,1.4425,83.03,81.98,BULLISH,86.14,135.65,2,1
2023-10-17 00:00:00-04:00,82.78,83.88,82.19,83.45,15317800,1.477,83.28,81.99,BULLISH,85.75,135.02,2,2
2023-10-18 00:00:00-04:00,82.86,83.54,82.25,82.59,12862800,1.4379,83.42,81.95,BULLISH,84.88,133.63,0,2
2023-10-19 00:00:00-04:00,82.92,83.48,81.98,82.12,19991800,1.4347,83.34,81.95,BULLISH,84.4,132.87,1,2
2023-10-20 00:00:00-04:00,82.08,82.14,80.65,80.73,15350400,1.4565,83.06,81.95,BULLISH,82.99,130.62,0,1
2023-10-23 00:00:00-04:00,80.23,81.65,79.78,80.82,15159000,1.4548,82.78,81.95,BULLISH,83.09,130.77,1,1
2023-10-24 00:00:00-04:00,81.14,81.5,80.5,81.38,11180400,1.4439,82.47,81.95,BULLISH,83.65,131.67,1,2
2023-10-25 00:00:00-04:00,81.77,81.87,80.18,80.42,15529600,1.4854,82.04,81.98,BULLISH,82.68,130.12,1,2
2023-10-26 00:00:00-04:00,80.56,80.92,78.54,78.88,20646400,1.4643,81.58,81.94,BEARISH,81.12,127.63,2,2
2023-10-27 00:00:00-04:00,79.37,80.14,78.99,79.34,16231600,1.4435,81.08,81.88,BEARISH,81.58,128.37,2,1
2023-10-30 00:00:00-04:00,79.76,80.48,79.52,80.19,14180800,1.4428,80.72,81.86,BEARISH,82.45,129.75,2,1
2023-10-31 00:00:00-04:00,80.23,80.83,79.61,80.76,10893600,1.4717,80.52,81.82,BEARISH,83.03,130.68,1,2
2023-11-01 00:00:00-04:00,80.91,82.43,80.91,82.33,20945800,1.4734,80.54,81.92,BEARISH,84.61,133.2,2,2
2023-11-02 00:00:00-04:00,83.07,83.79,82.96,83.72,16192600,1.4041,80.87,82.04,BEARISH,86.02,135.46,1,2
2023-11-03 00:00:00-04:00,83.63,84.92,83.45,84.58,15661800,1.4337,81.29,82.2,BEARISH,86.9,136.85,1,1
2023-11-06 00:00:00-05:00,84.69,85.17,84.43,85.14,11099200,1.3654,81.71,82.3,BEARISH,87.46,137.75,1,1
2023-11-07 00:00:00-05:00,85.36,86.32,85.24,86.07,13029800,1.351,82.33,82.44,BEARISH,88.4,139.26,2,2
2023-11-08 00:00:00-05:00,86.36,86.7,85.97,86.56,10722400,1.2958,83.19,82.59,BULLISH,88.9,140.05,2,2
2023-11-09 00:00:00-05:00,86.68,87.32,86.04,86.15,14374600,1.2807,83.94,82.68,BULLISH,88.49,139.39,2,2
2023-11-10 00:00:00-05:00,86.67,88.46,86.57,88.4,13346400,1.2821,84.86,82.88,BULLISH,90.77,143.03,2,1
2023-11-13 00:00:00-05:00,88.03,88.11,87.52,87.88,11725000,1.2529,85.65,83.11,BULLISH,90.24,142.2,1,1
2023-11-14 00:00:00-05:00,89.23,89.87,88.95,89.64,16508400,1.1977,86.46,83.39,BULLISH,92.03,145.04,3,2
2023-11-15 00:00:00-05:00,90.04,90.18,89.41,89.76,13147800,1.083,87.13,83.69,BULLISH,92.14,145.22,2,2
2023-11-16 00:00:00-05:00,89.58,90.3,89.42,90.2,11553600,1.064,87.76,84.05,BULLISH,92.59,145.95,2,2
2023-11-17 00:00:00-05:00,90.0,90.36,89.63,90.02,13277800,1.0478,88.3,84.43,BULLISH,92.4,145.65,2,1
2023-11-20 00:00:00-05:00,90.13,91.56,90.12,91.32,11116200,1.063,88.88,84.93,BULLISH,93.73,147.76,2,1
2023-11-21 00:00:00-05:00,90.91,91.05,90.25,90.58,13350800,1.0109,89.33,85.4,BULLISH,92.98,146.56,2,2
2023-11-22 00:00:00-05:00,91.15,91.77,90.74,90.99,11213400,1.0243,89.87,85.85,BULLISH,93.39,147.22,2,2
2023-11-24 00:00:00-05:00,90.83,90.91,90.46,90.81,4193800,0.9515,90.13,86.35,BULLISH,93.21,146.93,1,1
2023-11-27 00:00:00-05:00,90.68,91.33,90.52,90.8,8420000,0.9567,90.46,86.92,BULLISH,93.2,146.92,2,1
2023-11-28 00:00:00-05:00,90.5,91.22,90.5,90.98,11012400,0.9307,90.61,87.47,BULLISH,93.38,147.2,3,2
2023-11-29 00:00:00-05:00,91.64,92.04,90.99,91.05,10765400,0.9532,90.75,87.99,BULLISH,93.45,147.31,2,2
2023-11-30 00:00:00-05:00,91.43,91.55,90.42,91.18,13744000,0.9427,90.86,88.48,BULLISH,93.58,147.53,3,2
2023-12-01 00:00:00-05:00,90.94,91.55,90.5,91.39,13992200,0.8825,91.01,88.91,BULLISH,93.79,147.86,3,1
2023-12-04 00:00:00-05:00,90.47,90.47,89.29,90.27,18221800,0.9251,90.89,89.23,BULLISH,92.66,146.06,1,1
2023-12-05 00:00:00-05:00,89.79,90.92,89.79,90.81,10841400,0.9402,90.92,89.52,BULLISH,93.21,146.94,1,2
2023-12-06 00:00:00-05:00,91.38,91.51,89.98,90.05,14731400,0.9951,90.82,89.76,BULLISH,92.43,145.7,1,2
2023-12-07 00:00:00-05:00,90.47,91.29,90.28,91.14,13928800,1.0039,90.85,90.0,BULLISH,93.54,147.46,2,2
2023-12-08 00:00:00-05:00,90.94,91.99,90.83,91.92,12808800,1.0345,90.98,90.25,BULLISH,94.33,148.72,2,1
2023-12-11 00:00:00-05:00,91.65,92.74,91.44,92.72,37795400,1.025,91.17,90.57,BULLISH,95.14,150.02,3,1
2023-12-12 00:00:00-05:00,92.38,93.37,92.3,93.34,15055400,1.044,91.42,90.8,BULLISH,95.77,151.02,2,2
2023-12-13 00:00:00-05:00,93.56,94.38,93.34,94.16,29395000,1.0457,91.75,91.1,BULLISH,96.6,152.35,3,2
2023-12-14 00:00:00-05:00,94.23,94.59,93.23,93.93,15427400,1.1104,92.04,91.3,BULLISH,96.37,151.97,1,2
2023-12-15 00:00:00-05:00,93.83,94.94,93.83,94.4,18131200,1.1319,92.5,91.53,BULLISH,96.84,152.74,3,1
2023-12-18 00:00:00-05:00,94.38,94.89,93.98,94.68,10138000,1.1458,92.93,91.74,BULLISH,97.13,153.2,2,1
2023-12-19 00:00:00-05:00,94.66,95.05,94.61,95.04,9003600,1.1029,93.48,91.98,BULLISH,97.49,153.78,2,2
2023-12-20 00:00:00-05:00,94.93,95.27,93.59,93.61,13734800,1.1419,93.75,92.09,BULLISH,96.04,151.45,1,2
2023-12-21 00:00:00-05:00,94.56,94.87,93.86,94.66,11336000,1.1392,94.06,92.28,BULLISH,97.11,153.16,2,2
2023-12-22 00:00:00-05:00,94.93,95.06,94.31,94.78,10215000,1.1077,94.29,92.46,BULLISH,97.23,153.35,2,1
2023-12-26 00:00:00-05:00,94.84,95.37,94.84,95.18,6207600,1.0652,94.49,92.67,BULLISH,97.63,153.99,2,2
2023-12-27 00:00:00-05:00,95.22,95.37,94.77,95.17,11764600,0.9985,94.6,92.88,BULLISH,97.62,153.99,2,2
2023-12-28 00:00:00-05:00,95.51,95.6,95.24,95.28,9615400,0.9524,94.76,93.08,BULLISH,97.74,154.17,2,2
2023-12-29 00:00:00-05:00,95.33,95.53,94.52,94.99,12190600,0.9413,94.82,93.27,BULLISH,97.44,153.7,2,1
2024-01-02 00:00:00-05:00,93.7,93.85,91.92,92.51,23545400,0.986,94.58,93.33,BULLISH,94.93,149.67,1,2
2024-01-03 00:00:00-05:00,91.66,92.16,91.4,91.56,18190000,0.9646,94.19,93.34,BULLISH,93.97,148.15,0,2
2024-01-04 00:00:00-05:00,91.0,91.63,90.8,90.89,12127200,0.9489,93.89,93.37,BULLISH,93.29,147.06,0,2
2024-01-05 00:00:00-05:00,91.0,91.65,90.52,90.87,16350600,0.9329,93.47,93.37,BULLISH,93.27,147.02,1,1
2024-01-08 00:00:00-05:00,91.33,93.21,91.23,93.15,16434600,0.9948,93.29,93.52,BEARISH,95.58,150.71,3,1
2024-01-09 00:00:00-05:00,92.43,93.56,92.23,93.3,10633800,1.0244,93.08,93.62,BEARISH,95.73,150.95,1,2
2024-01-10 00:00:00-05:00,93.34,94.29,93.14,94.09,9785400,1.0748,92.96,93.73,BEARISH,96.53,152.24,1,2
2024-01-11 00:00:00-05:00,94.55,95.03,93.24,94.57,13296600,1.0826,92.88,93.82,BEARISH,97.02,153.01,2,2
2024-01-12 00:00:00-05:00,94.72,95.09,94.4,94.87,8834600,1.06,92.87,93.89,BEARISH,97.32,153.51,1,1
2024-01-16 00:00:00-05:00,94.76,95.51,94.21,95.11,11775600,1.0998,93.16,93.93,BEARISH,97.56,153.89,2,2
2024-01-17 00:00:00-05:00,94.41,94.76,93.62,94.64,14109000,1.1432,93.5,93.97,BEARISH,97.09,153.13,1,2
2024-01-18 00:00:00-05:00,95.91,96.65,95.55,96.56,18918800,1.1792,94.13,94.07,BULLISH,99.03,156.24,3,2
2024-01-19 00:00:00-05:00,97.19,98.81,96.98,98.79,18333200,1.2835,95.01,94.27,BULLISH,101.29,159.84,2,1
2024-01-22 00:00:00-05:00,99.27,99.83,98.85,99.22,14969000,1.2817,95.68,94.47,BULLISH,101.73,160.54,2,1
2024-01-23 00:00:00-05:00,99.32,99.69,98.74,99.62,13263800,1.2116,96.39,94.75,BULLISH,102.13,161.19,2,2
2024-01-24 00:00:00-05:00,100.31,101.31,100.02,100.31,17651200,1.2493,97.08,95.02,BULLISH,102.83,162.3,3,2
2024-01-25 00:00:00-05:00,101.23,101.74,100.26,100.73,17071400,1.2955,97.76,95.31,BULLISH,103.25,162.98,2,2
2024-01-26 00:00:00-05:00,100.02,100.47,99.34,99.57,10553000,1.2951,98.28,95.51,BULLISH,102.08,161.1,1,1
2024-01-29 00:00:00-05:00,99.69,100.5,99.49,100.48,7639600,1.2257,98.88,95.77,BULLISH,103.0,162.58,2,1
2024-01-30 00:00:00-05:00,100.45,100.6,99.35,99.65,12251600,1.2204,99.44,95.98,BULLISH,102.16,161.24,2,2
2024-01-31 00:00:00-05:00,98.7,99.11,97.51,97.56,16295200,1.2525,99.55,96.1,BULLISH,100.04,157.85,1,2
2024-02-01 00:00:00-05:00,97.95,98.93,97.88,98.79,14303400,1.1993,99.55,96.4,BULLISH,101.29,159.84,1,2
2024-02-02 00:00:00-05:00,98.12,100.13,98.09,99.81,12872200,1.2955,99.61,96.79,BULLISH,102.32,161.49,2,1
2024-02-05 00:00:00-05:00,100.21,100.32,99.1,100.04,10086200,1.2898,99.66,97.22,BULLISH,102.55,161.86,2,1
2024-02-06 00:00:00-05:00,100.15,100.32,98.94,99.58,12677200,1.3071,99.58,97.64,BULLISH,102.09,161.12,2,2
2024-02-07 00:00:00-05:00,100.28,100.92,99.88,100.9,11365800,1.3025,99.6,98.01,BULLISH,103.42,163.25,2,2
2024-02-08 00:00:00-05:00,101.07,101.48,100.94,101.21,9948200,1.2105,99.78,98.39,BULLISH,103.74,163.76,2,2
2024-02-09 00:00:00-05:00,101.64,102.71,101.52,102.57,11612200,1.2253,100.01,98.79,BULLISH,105.12,165.96,3,1
2024-02-12 00:00:00-05:00,102.57,102.88,101.65,101.79,10753200,1.2461,100.25,99.13,BULLISH,104.33,164.7,1,1
2024-02-13 00:00:00-05:00,99.59,100.74,99.29,100.07,19459400,1.2574,100.53,99.38,BULLISH,102.58,161.91,1,2
2024-02-14 00:00:00-05:00,100.81,101.19,100.1,101.11,11791600,1.2299,100.79,99.67,BULLISH,103.64,163.6,2,2
2024-02-15 00:00:00-05:00,101.25,101.34,100.34,100.9,10796400,1.2215,100.91,99.96,BULLISH,103.43,163.26,0,2
2024-02-16 00:00:00-05:00,101.17,101.37,99.84,99.97,11090400,1.2592,100.9,100.13,BULLISH,102.49,161.76,1,1
2024-02-20 00:00:00-05:00,99.39,99.74,97.96,98.96,17447600,1.2965,100.83,100.13,BULLISH,101.46,160.11,1,2
2024-02-21 00:00:00-05:00,98.0,98.33,97.26,98.33,15954400,1.2592,100.55,100.09,BULLISH,100.83,159.1,0,2
2024-02-22 00:00:00-05:00,100.88,101.83,100.64,101.55,18551600,1.2694,100.58,100.18,BULLISH,104.09,164.31,3,2
2024-02-23 00:00:00-05:00,102.36,102.48,100.99,101.31,12324000,1.2303,100.44,100.23,BULLISH,103.85,163.93,1,1
2024-02-26 00:00:00-05:00,101.76,102.01,101.31,101.41,18248800,1.1929,100.4,100.26,BULLISH,103.95,164.09,3,1
2024-02-27 00:00:00-05:00,101.69,101.69,100.75,101.5,9984400,1.1615,100.56,100.36,BULLISH,104.04,164.23,2,2
2024-02-28 00:00:00-05:00,101.17,101.3,100.66,101.02,8329000,1.133,100.55,100.38,BULLISH,103.55,163.46,1,2
2024-02-29 00:00:00-05:00,101.56,102.39,100.99,102.15,11986800,1.1943,100.69,100.5,BULLISH,104.69,165.28,3,2
2024-03-01 00:00:00-05:00,102.41,104.16,102.36,104.01,13136800,1.238,101.14,100.81,BULLISH,106.58,168.3,3,1
2024-03-04 00:00:00-05:00,103.87,104.61,103.63,104.01,20443800,1.2193,101.7,101.06,BULLISH,106.58,168.3,2,1
2024-03-05 00:00:00-05:00,102.99,103.04,100.8,101.46,18042800,1.2754,102.05,101.14,BULLISH,103.99,164.16,0,2
2024-03-06 00:00:00-05:00,102.52,103.03,101.58,102.26,14303200,1.3015,102.13,101.24,BULLISH,104.81,165.46,2,2
2024-03-07 00:00:00-05:00,103.14,104.19,102.62,103.88,12120800,1.3417,102.41,101.45,BULLISH,106.44,168.07,2,2
2024-03-08 00:00:00-05:00,104.06,104.8,102.27,102.33,14912200,1.4129,102.51,101.52,BULLISH,104.88,165.57,1,1
2024-03-11 00:00:00-04:00,101.86,102.28,101.31,102.05,15648400,1.3547,102.58,101.56,BULLISH,104.59,165.12,1,1
2024-03-12 00:00:00-04:00,103.03,104.15,102.05,104.14,17382800,1.4277,102.92,101.63,BULLISH,106.71,168.5,3,2
2024-03-13 00:00:00-04:00,103.83,103.89,102.59,103.02,12815400,1.4358,103.02,101.69,BULLISH,105.57,166.68,0,2
2024-03-14 00:00:00-04:00,103.45,103.82,102.41,103.04,16023200,1.4298,102.91,101.83,BULLISH,105.59,166.71,3,2
2024-03-15 00:00:00-04:00,101.56,102.02,101.07,101.48,19633400,1.4478,102.63,101.85,BULLISH,104.02,164.2,1,1
2024-03-18 00:00:00-04:00,102.37,103.03,101.9,101.98,14176600,1.461,102.69,101.9,BULLISH,104.52,165.01,1,1
2024-03-19 00:00:00-04:00,101.48,102.53,100.97,102.51,13390200,1.526,102.71,102.02,BULLISH,105.06,165.86,1,2
2024-03-20 00:00:00-04:00,102.59,103.69,102.23,103.66,13357400,1.5308,102.69,102.24,BULLISH,106.22,167.72,2,2
2024-03-21 00:00:00-04:00,104.76,104.76,103.64,103.73,12312000,1.4822,102.85,102.5,BULLISH,106.29,167.84,2,2
2024-03-22 00:00:00-04:00,103.74,104.15,103.37,103.77,11507000,1.4682,103.04,102.61,BULLISH,106.33,167.89,2,1
2024-03-25 00:00:00-04:00,102.78,103.52,102.49,103.08,8777800,1.3823,102.92,102.69,BULLISH,105.63,166.78,1,1
2024-03-26 00:00:00-04:00,103.45,103.62,102.57,102.65,8538400,1.3532,102.88,102.75,BULLISH,105.2,166.09,0,2
2024-03-27 00:00:00-04:00,103.3,103.36,102.39,103.18,12495000,1.3103,102.89,102.83,BULLISH,105.73,166.94,3,2
2024-03-28 00:00:00-04:00,102.94,103.25,102.75,102.96,8854400,1.1655,103.06,102.92,BULLISH,105.51,166.58,0,2
2024-04-01 00:00:00-04:00,103.17,103.84,102.87,103.24,11654800,1.1667,103.2,102.97,BULLISH,105.8,167.05,3,1
2024-04-02 00:00:00-04:00,102.09,102.4,101.42,102.25,11418200,1.0868,103.17,102.89,BULLISH,104.79,165.44,0,2
2024-04-03 00:00:00-04:00,101.73,103.05,101.71,102.52,10670000,1.0897,103.04,102.82,BULLISH,105.07,165.88,1,2
2024-04-04 00:00:00-04:00,103.5,103.86,100.84,100.9,16464800,1.2047,102.73,102.79,BEARISH,103.43,163.25,2,2
2024-04-05 00:00:00-04:00,101.34,102.57,101.06,102.06,12808800,1.245,102.54,102.78,BEARISH,104.6,165.13,2,1
2024-04-08 00:00:00-04:00,102.12,102.46,101.56,101.94,8125800,1.2284,102.41,102.69,BEARISH,104.48,164.93,1,1
2024-04-09 00:00:00-04:00,102.46,102.67,101.17,102.45,9400800,1.2249,102.39,102.69,BEARISH,105.0,165.77,2,2
2024-04-10 00:00:00-04:00,101.28,101.57,100.76,101.2,13836800,1.1783,102.17,102.65,BEARISH,103.73,163.73,2,2
2024-04-11 00:00:00-04:00,101.65,103.39,101.16,103.22,10563600,1.2574,102.2,102.61,BEARISH,105.77,167.01,1,2
2024-04-12 00:00:00-04:00,101.99,102.47,101.17,101.55,16186800,1.2941,102.01,102.54,BEARISH,104.08,164.3,2,1
2024-04-15 00:00:00-04:00,102.17,102.23,99.47,99.62,17189000,1.418,101.72,102.38,BEARISH,102.13,161.18,2,1
2024-04-16 00:00:00-04:00,99.84,100.35,99.34,99.74,14914000,1.4156,101.41,102.29,BEARISH,102.25,161.37,2,2
2024-04-17 00:00:00-04:00,100.1,100.27,98.22,98.3,13090400,1.4925,101.12,102.12,BEARISH,100.79,159.05,1,2
2024-04-18 00:00:00-04:00,98.27,98.52,97.07,97.18,15280600,1.56,100.58,101.86,BEARISH,99.66,157.23,2,2
2024-04-19 00:00:00-04:00,96.81,97.12,94.93,95.17,21880000,1.6465,99.82,101.46,BEARISH,97.63,153.99,2,1
2024-04-22 00:00:00-04:00,95.91,96.6,94.95,96.02,13293400,1.6945,99.11,101.09,BEARISH,98.49,155.37,2,1
2024-04-23 00:00:00-04:00,96.42,97.59,96.28,97.45,12151600,1.6924,98.69,100.79,BEARISH,99.93,157.67,2,2
2024-04-24 00:00:00-04:00,98.17,98.58,97.35,97.89,9160200,1.5642,98.1,100.55,BEARISH,100.38,158.39,2,2
2024-04-25 00:00:00-04:00,96.67,97.86,96.24,97.68,11568000,1.5716,97.67,100.31,BEARISH,100.17,158.05,1,2
2024-04-26 00:00:00-04:00,98.45,99.5,98.07,98.78,10104200,1.6105,97.58,100.1,BEARISH,101.28,159.83,1,1
2024-04-29 00:00:00-04:00,99.29,99.44,98.63,99.21,7494800,1.561,97.52,99.92,BEARISH,101.71,160.52,1,1
2024-04-30 00:00:00-04:00,98.87,99.27,96.99,97.02,14929000,1.6656,97.38,99.63,BEARISH,99.5,156.98,2,2
2024-05-01 00:00:00-04:00,96.5,98.13,96.01,96.03,20453600,1.6574,97.25,99.33,BEARISH,98.49,155.38,2,2
2024-05-02 00:00:00-04:00,97.26,97.55,96.03,97.41,13340000,1.6733,97.5,99.09,BEARISH,99.9,157.62,2,2
2024-05-03 00:00:00-04:00,100.05,100.46,99.69,100.13,13316400,1.5307,97.96,99.05,BEARISH,102.64,162.01,1,1
2024-05-06 00:00:00-04:00,100.51,101.3,100.35,101.3,8021000,1.5261,98.38,99.01,BEARISH,103.84,163.91,1,1
2024-05-07 00:00:00-04:00,101.6,101.65,100.96,100.97,10020800,1.429,98.73,98.97,BEARISH,103.5,163.37,1,2
2024-05-08 00:00:00-04:00,100.61,101.37,100.59,101.26,7176000,1.3813,99.12,98.91,BULLISH,103.79,163.84,2,2
2024-05-09 00:00:00-04:00,101.1,101.31,100.73,101.23,9589600,1.2666,99.4,98.91,BULLISH,103.76,163.79,2,2
2024-05-10 00:00:00-04:00,101.76,102.21,101.28,101.61,8753800,1.215,99.66,98.84,BULLISH,104.14,164.4,2,1
2024-05-13 00:00:00-04:00,102.35,102.44,101.76,102.09,6582000,1.1695,100.23,98.86,BULLISH,104.63,165.17,2,1
2024-05-14 00:00:00-04:00,102.05,103.13,101.99,102.99,9825200,1.1638,101.0,99.02,BULLISH,105.54,166.64,3,2
2024-05-15 00:00:00-04:00,103.64,105.34,103.56,105.31,14308600,1.1751,101.88,99.29,BULLISH,107.89,170.39,3,2
2024-05-16 00:00:00-04:00,105.37,105.7,104.9,104.94,12066600,1.1296,102.41,99.6,BULLISH,107.52,169.8,1,2
2024-05-17 00:00:00-04:00,105.18,105.25,104.14,104.71,7616000,1.1511,102.79,99.96,BULLISH,107.28,169.42,1,1
2024-05-20 00:00:00-04:00,104.81,106.14,104.72,105.94,6276800,1.09,103.34,100.48,BULLISH,108.53,171.41,2,1
2024-05-21 00:00:00-04:00,105.54,106.29,105.35,106.11,6140400,1.006,103.88,100.96,BULLISH,108.7,171.69,2,2
2024-05-22 00:00:00-04:00,106.42,106.74,105.72,106.35,11783000,0.9703,104.45,101.38,BULLISH,108.95,172.08,3,2
2024-05-23 00:00:00-04:00,107.57,107.58,105.15,105.49,9400400,1.0886,104.88,101.74,BULLISH,108.07,170.68,1,2
2024-05-24 00:00:00-04:00,105.75,106.6,105.4,106.38,5906400,1.1066,105.36,102.16,BULLISH,108.97,172.12,2,1
2024-05-28 00:00:00-04:00,106.98,107.06,106.16,106.83,8786400,1.1221,105.78,102.54,BULLISH,109.43,172.84,3,2
2024-05-29 00:00:00-04:00,105.7,106.66,105.7,106.15,8569000,1.1349,105.88,102.87,BULLISH,108.74,171.75,1,2
2024-05-30 00:00:00-04:00,104.97,105.13,103.4,103.73,10450600,1.2161,105.74,103.19,BULLISH,106.29,167.83,1,2
2024-05-31 00:00:00-04:00,104.03,104.05,101.6,103.89,12081000,1.3248,105.65,103.56,BULLISH,106.45,168.09,2,1
2024-06-03 00:00:00-04:00,104.69,104.78,102.91,104.15,9628000,1.4106,105.45,103.88,BULLISH,106.72,168.52,1,1
2024-06-04 00:00:00-04:00,104.1,104.54,103.56,104.37,6405400,1.3986,105.26,104.09,BULLISH,106.94,168.87,1,2
2024-06-05 00:00:00-04:00,105.19,106.69,105.03,106.69,8788800,1.3901,105.3,104.34,BULLISH,109.29,172.62,3,2
2024-06-06 00:00:00-04:00,106.75,106.82,106.05,106.33,7057600,1.388,105.39,104.6,BULLISH,108.92,172.04,1,2
2024-06-07 00:00:00-04:00,106.45,107.03,106.05,106.58,6398600,1.3785,105.41,104.85,BULLISH,109.18,172.44,2,1
2024-06-10 00:00:00-04:00,106.22,107.14,106.15,106.85,6734800,1.3478,105.41,105.12,BULLISH,109.45,172.88,3,1
2024-06-11 00:00:00-04:00,106.58,108.87,106.53,108.84,12719200,1.4477,105.71,105.46,BULLISH,111.46,176.1,3,2
2024-06-12 00:00:00-04:00,109.92,112.37,109.72,111.25,17821200,1.5642,106.55,105.9,BULLISH,113.9,179.99,3,2
2024-06-13 00:00:00-04:00,112.28,112.59,111.44,112.13,12693600,1.4728,107.46,106.33,BULLISH,114.79,181.42,2,2
2024-06-14 00:00:00-04:00,111.97,112.61,111.89,112.55,7864600,1.4382,108.4,106.68,BULLISH,115.21,182.1,2,1
2024-06-17 00:00:00-04:00,112.82,114.65,112.44,114.25,11602600,1.5317,109.49,107.12,BULLISH,116.94,184.86,3,1
2024-06-18 00:00:00-04:00,114.36,114.77,113.94,114.39,8677800,1.5226,110.35,107.58,BULLISH,117.08,185.09,2,2
2024-06-20 00:00:00-04:00,114.91,114.98,112.73,113.11,13243000,1.5603,111.1,107.92,BULLISH,115.78,183.01,2,2
2024-06-21 00:00:00-04:00,113.13,113.58,112.4,112.91,13560200,1.4696,111.81,108.25,BULLISH,115.58,182.69,2,1
2024-06-24 00:00:00-04:00,111.74,112.24,110.11,110.14,13748600,1.4879,112.17,108.43,BULLISH,112.78,178.21,1,1
2024-06-25 00:00:00-04:00,110.95,112.22,110.33,112.16,9126200,1.5538,112.54,108.75,BULLISH,114.83,181.48,1,2
2024-06-26 00:00:00-04:00,111.99,112.56,111.16,112.03,9459600,1.5352,112.63,109.02,BULLISH,114.7,181.27,1,2
2024-06-27 00:00:00-04:00,111.82,112.64,111.68,112.09,7923600,1.5488,112.63,109.27,BULLISH,114.75,181.36,1,2
2024-06-28 00:00:00-04:00,112.48,114.09,111.88,112.03,12488200,1.637,112.57,109.55,BULLISH,114.69,181.26,1,1
2024-07-01 00:00:00-04:00,112.2,113.06,110.57,112.88,9281600,1.7446,112.42,109.98,BULLISH,115.55,182.63,2,1
2024-07-02 00:00:00-04:00,111.9,113.45,111.9,113.44,7076600,1.6887,112.31,110.44,BULLISH,116.12,183.55,2,2
2024-07-03 00:00:00-04:00,113.28,115.03,113.18,114.97,6249200,1.631,112.52,110.95,BULLISH,117.67,186.02,2,2
2024-07-05 00:00:00-04:00,115.1,115.83,114.62,115.32,6671800,1.6354,112.79,111.47,BULLISH,118.02,186.59,3,1
2024-07-08 00:00:00-04:00,115.69,116.45,115.5,116.11,7671000,1.6521,113.45,111.92,BULLISH,118.82,187.87,3,1
2024-07-09 00:00:00-04:00,116.7,116.98,115.35,116.02,8678600,1.6103,113.88,112.38,BULLISH,118.72,187.71,2,2
2024-07-10 00:00:00-04:00,116.81,117.78,116.16,117.7,8749400,1.667,114.51,112.91,BULLISH,120.43,190.44,3,2
2024-07-11 00:00:00-04:00,117.88,117.93,114.42,114.75,14106000,1.7568,114.8,113.29,BULLISH,117.45,185.67,1,2
2024-07-12 00:00:00-04:00,115.07,117.01,114.67,115.78,9767600,1.8393,115.22,113.62,BULLISH,118.48,187.33,2,1
2024-07-15 00:00:00-04:00,116.37,117.13,115.33,115.99,8628000,1.816,115.56,113.85,BULLISH,118.69,187.67,2,1
2024-07-16 00:00:00-04:00,116.26,116.32,114.77,115.6,7652200,1.7909,115.8,114.01,BULLISH,118.3,187.04,0,2
2024-07-17 00:00:00-04:00,112.96,113.07,111.05,111.1,12440400,1.8351,115.37,113.94,BULLISH,113.75,179.77,1,2
2024-07-18 00:00:00-04:00,112.32,112.34,109.71,111.11,10837200,1.9543,114.91,113.79,BULLISH,113.76,179.78,1,2
2024-07-19 00:00:00-04:00,110.52,111.2,109.13,109.38,8472800,1.944,114.16,113.55,BULLISH,112.01,176.97,0,1
2024-07-22 00:00:00-04:00,110.82,112.09,110.35,111.97,10601600,1.8903,113.71,113.5,BULLISH,114.63,181.16,2,1
2024-07-23 00:00:00-04:00,111.5,112.52,111.37,111.52,5530800,1.8616,113.02,113.43,BEARISH,114.18,180.44,1,2
2024-07-24 00:00:00-04:00,110.06,110.41,106.65,106.9,14300800,1.9988,112.15,113.28,BEARISH,109.5,172.97,2,2
2024-07-25 00:00:00-04:00,106.79,108.38,104.22,105.76,21158000,2.21,111.04,112.97,BEARISH,108.35,171.12,2,2
2024-07-26 00:00:00-04:00,107.19,107.95,106.2,107.1,11697800,2.2677,110.05,112.74,BEARISH,109.71,173.29,2,1
2024-07-29 00:00:00-04:00,107.95,108.42,106.31,106.63,7343800,2.3016,109.05,112.48,BEARISH,109.22,172.52,1,1
2024-07-30 00:00:00-04:00,107.02,107.13,103.15,103.95,10694600,2.4696,108.26,112.09,BEARISH,106.51,168.19,2,2
2024-07-31 00:00:00-04:00,107.16,108.74,106.4,108.35,14614000,2.3862,107.95,111.88,BEARISH,110.97,175.31,2,2
2024-08-01 00:00:00-04:00,108.05,109.31,103.2,104.31,16991400,2.6553,107.39,111.44,BEARISH,106.88,168.77,2,2
2024-08-02 00:00:00-04:00,101.54,102.37,99.66,101.38,18621600,2.7204,106.21,110.8,BEARISH,103.91,164.03,2,1
2024-08-05 00:00:00-04:00,95.03,99.89,94.46,98.0,31430000,2.9981,104.71,109.97,BEARISH,100.49,158.56,2,1
2024-08-06 00:00:00-04:00,99.25,101.34,98.2,99.33,24575800,3.0784,103.87,109.17,BEARISH,101.84,160.72,2,2
2024-08-07 00:00:00-04:00,101.74,102.23,97.59,97.72,17653600,3.2224,102.97,108.3,BEARISH,100.21,158.12,1,2
2024-08-08 00:00:00-04:00,99.49,101.63,98.05,101.37,14477200,3.3299,102.34,107.52,BEARISH,103.91,164.02,2,2
2024-08-09 00:00:00-04:00,101.31,102.41,100.7,101.83,9535600,3.3278,101.8,106.91,BEARISH,104.37,164.76,1,1
2024-08-12 00:00:00-04:00,102.15,103.45,101.67,102.66,8580200,3.3727,101.66,106.28,BEARISH,105.21,166.1,1,1
2024-08-13 00:00:00-04:00,103.93,105.85,103.8,105.81,9999600,3.2499,101.38,105.8,BEARISH,108.4,171.21,2,2
2024-08-14 00:00:00-04:00,106.47,106.93,104.96,106.39,8922400,3.0932,101.61,105.36,BEARISH,108.99,172.15,1,2
2024-08-15 00:00:00-04:00,107.77,109.56,107.54,109.45,9518800,3.1123,102.51,105.28,BEARISH,112.09,177.1,2,2
2024-08-16 00:00:00-04:00,108.88,109.85,108.58,109.64,6706400,3.0529,103.8,105.21,BEARISH,112.27,177.39,1,1
2024-08-19 00:00:00-04:00,109.38,111.45,108.93,111.45,13004200,2.9486,105.15,105.31,BEARISH,114.1,180.32,2,1
2024-08-20 00:00:00-04:00,111.15,111.82,110.4,111.05,7221600,2.8831,106.63,105.27,BULLISH,113.7,179.69,1,2
2024-08-21 00:00:00-04:00,111.12,112.09,110.77,111.71,7538800,2.5414,107.78,105.28,BULLISH,114.37,180.74,3,2
2024-08-22 00:00:00-04:00,112.33,112.59,108.91,109.14,9083600,2.6108,108.59,105.38,BULLISH,111.76,176.58,2,2
2024-08-23 00:00:00-04:00,110.22,111.39,109.49,110.91,10681000,2.3586,109.51,105.63,BULLISH,113.55,179.45,3,1
2024-08-26 00:00:00-04:00,110.81,111.22,108.95,109.51,6268800,2.296,109.92,105.74,BULLISH,112.15,177.19,0,1
2024-08-27 00:00:00-04:00,108.84,110.41,108.3,110.18,7656000,2.1149,110.34,105.91,BULLISH,112.82,178.27,2,2
2024-08-28 00:00:00-04:00,110.03,110.25,107.75,108.66,9002200,2.0381,110.25,106.14,BULLISH,111.28,175.81,1,2
2024-08-29 00:00:00-04:00,108.69,110.22,107.4,107.68,13314800,2.117,110.03,106.1,BULLISH,110.29,174.22,1,2
2024-08-30 00:00:00-04:00,108.85,109.53,107.68,109.11,10048400,2.1219,109.77,106.33,BULLISH,111.73,176.54,1,1
2024-09-03 00:00:00-04:00,107.95,108.03,103.5,104.1,14765800,2.2995,109.0,106.46,BULLISH,106.66,168.43,1,2
2024-09-04 00:00:00-04:00,103.04,105.01,102.71,103.83,12330000,2.3229,108.12,106.74,BULLISH,106.39,168.0,0,2
2024-09-05 00:00:00-04:00,103.08,104.96,102.99,103.67,8874800,2.319,107.51,106.95,BULLISH,106.23,167.74,0,2
2024-09-06 00:00:00-04:00,103.59,103.83,100.52,100.98,12441000,2.465,106.41,107.1,BEARISH,103.51,163.39,2,1
2024-09-09 00:00:00-04:00,102.23,102.75,101.29,102.64,10922000,2.3897,105.65,107.16,BEARISH,105.18,166.06,2,1
2024-09-10 00:00:00-04:00,103.34,104.39,102.36,104.17,10123000,2.4336,104.98,107.27,BEARISH,106.74,168.55,2,2
2024-09-11 00:00:00-04:00,104.53,107.89,102.87,107.73,12768800,2.6974,104.88,107.51,BEARISH,110.34,174.3,2,2
2024-09-12 00:00:00-04:00,107.65,109.08,106.89,108.62,10604200,2.5906,104.98,107.65,BEARISH,111.24,175.74,1,2
2024-09-13 00:00:00-04:00,108.75,109.43,108.31,109.16,8047400,2.5351,104.99,107.78,BEARISH,111.79,176.62,1,1
2024-09-16 00:00:00-04:00,108.37,109.09,107.74,108.75,6897800,2.4696,105.5,107.75,BEARISH,111.37,175.95,0,1
2024-09-17 00:00:00-04:00,109.84,110.0,107.98,108.53,6990000,2.4633,106.03,107.69,BEARISH,111.15,175.61,1,2
2024-09-18 00:00:00-04:00,108.81,109.57,107.44,107.54,12741600,2.4367,106.46,107.51,BEARISH,110.15,174.0,1,2
2024-09-19 00:00:00-04:00,110.56,111.43,109.96,110.74,13934000,2.3402,107.54,107.49,BULLISH,113.38,179.17,3,2
2024-09-20 00:00:00-04:00,110.3,110.69,109.21,110.2,14492800,2.3137,108.38,107.42,BULLISH,112.84,178.3,2,1
2024-09-23 00:00:00-04:00,110.3,110.44,109.84,110.18,7490600,2.0329,109.05,107.47,BULLISH,112.82,178.27,1,1
2024-09-24 00:00:00-04:00,110.64,111.15,109.45,110.93,7025800,1.9907,109.41,107.47,BULLISH,113.58,179.49,2,2
2024-09-25 00:00:00-04:00,110.71,111.73,110.66,111.25,6111600,1.9264,109.7,107.55,BULLISH,113.9,180.0,2,2
2024-09-26 00:00:00-04:00,113.42,113.55,111.54,112.72,9244800,1.8329,110.09,107.67,BULLISH,115.39,182.38,3,2
2024-09-27 00:00:00-04:00,112.88,112.92,111.25,111.67,6093800,1.8473,110.42,107.82,BULLISH,114.33,180.68,1,1
2024-09-30 00:00:00-04:00,111.18,112.07,110.63,112.0,5500400,1.8047,110.8,108.02,BULLISH,114.66,181.21,2,1
2024-10-01 00:00:00-04:00,111.67,111.73,108.62,109.27,11295400,1.6685,110.99,108.03,BULLISH,111.9,176.8,1,2
2024-10-02 00:00:00-04:00,109.29,110.58,108.67,110.08,4532400,1.6483,110.92,108.32,BULLISH,112.72,178.11,1,2
2024-10-03 00:00:00-04:00,109.76,111.34,109.74,110.53,5784800,1.6824,110.96,108.64,BULLISH,113.18,178.84,2,2
2024-10-04 00:00:00-04:00,111.96,112.04,110.59,111.76,5009200,1.6897,111.14,109.02,BULLISH,114.42,180.83,2,1
2024-10-07 00:00:00-04:00,111.26,112.0,110.72,111.0,4430400,1.6372,111.14,109.5,BULLISH,113.65,179.59,0,1
2024-10-08 00:00:00-04:00,111.79,113.26,111.54,113.07,7864800,1.6077,111.34,109.99,BULLISH,115.74,182.95,3,2
2024-10-09 00:00:00-04:00,113.16,114.49,112.81,114.33,7579800,1.6234,111.52,110.48,BULLISH,117.02,184.99,2,2
2024-10-10 00:00:00-04:00,113.57,114.6,113.25,114.3,5692200,1.6141,111.82,110.79,BULLISH,116.99,184.94,1,2
2024-10-11 00:00:00-04:00,114.03,114.76,113.86,114.5,8849000,1.6353,112.09,111.07,BULLISH,117.19,185.27,3,1
2024-10-14 00:00:00-04:00,115.23,116.23,115.18,116.0,9810200,1.5889,112.84,111.4,BULLISH,118.7,187.68,3,1
2024-10-15 00:00:00-04:00,116.09,116.37,113.02,113.45,14179400,1.7512,113.22,111.62,BULLISH,116.12,183.56,2,2
2024-10-16 00:00:00-04:00,113.8,113.97,112.57,113.8,5758800,1.7076,113.58,111.87,BULLISH,116.48,184.13,2,2
2024-10-17 00:00:00-04:00,115.39,115.45,114.15,114.15,6051200,1.6821,113.84,112.19,BULLISH,116.83,184.69,3,2
2024-10-18 00:00:00-04:00,114.74,114.97,114.31,114.55,4537000,1.6268,114.24,112.37,BULLISH,117.24,185.35,2,1
2024-10-21 00:00:00-04:00,114.2,115.1,113.99,115.09,6322400,1.4844,114.46,112.6,BULLISH,117.79,186.21,3,1
2024-10-22 00:00:00-04:00,114.48,115.36,114.15,114.97,6169200,1.4348,114.53,112.83,BULLISH,117.67,186.02,1,2
2024-10-23 00:00:00-04:00,114.54,114.72,112.35,113.32,6083600,1.489,114.42,112.94,BULLISH,116.0,183.36,0,2
2024-10-24 00:00:00-04:00,113.78,113.94,112.98,113.65,4832800,1.4535,114.33,113.06,BULLISH,116.34,183.89,1,2
2024-10-25 00:00:00-04:00,114.3,115.53,114.08,114.24,8314800,1.4652,114.14,113.13,BULLISH,116.93,184.85,3,1
2024-10-28 00:00:00-04:00,115.06,115.06,114.19,114.21,5899200,1.4054,114.22,113.25,BULLISH,116.9,184.79,0,1
2024-10-29 00:00:00-04:00,114.43,116.08,114.0,115.75,7451600,1.4334,114.44,113.43,BULLISH,118.45,187.28,3,2
2024-10-30 00:00:00-04:00,114.69,115.0,113.83,113.91,8341200,1.4202,114.41,113.65,BULLISH,116.59,184.3,1,2
2024-10-31 00:00:00-04:00,112.66,112.66,110.21,110.25,12110200,1.5308,113.93,113.66,BULLISH,112.89,178.39,1,2
2024-11-01 00:00:00-04:00,110.37,111.91,110.22,111.08,11565800,1.5758,113.49,113.69,BEARISH,113.73,179.73,2,1
2024-11-04 00:00:00-05:00,111.18,111.79,110.52,111.0,6311800,1.4277,113.05,113.65,BEARISH,113.65,179.59,1,1
2024-11-05 00:00:00-05:00,111.34,112.65,111.34,112.56,7273000,1.4213,112.96,113.72,BEARISH,115.23,182.12,3,2
2024-11-06 00:00:00-05:00,114.73,115.98,114.39,115.76,10967800,1.4415,113.2,113.85,BEARISH,118.47,187.3,2,2
2024-11-07 00:00:00-05:00,116.57,117.92,116.51,117.78,10463000,1.4943,113.59,114.02,BEARISH,120.51,190.57,1,2
2024-11-08 00:00:00-05:00,117.63,118.04,117.23,117.65,7236400,1.4727,113.97,114.17,BEARISH,120.38,190.36,0,1
2024-11-11 00:00:00-05:00,117.64,117.71,116.3,117.0,7267200,1.4869,114.11,114.29,BEARISH,119.72,189.31,1,1
2024-11-12 00:00:00-05:00,116.92,117.3,116.23,117.15,7530800,1.3947,114.47,114.35,BULLISH,119.87,189.55,3,2
2024-11-13 00:00:00-05:00,116.9,117.61,116.38,116.75,6329600,1.4139,115.19,114.51,BULLISH,119.46,188.89,1,2
2024-11-14 00:00:00-05:00,116.93,117.14,116.16,116.35,6602000,1.3802,115.78,114.63,BULLISH,119.06,188.25,2,2
2024-11-15 00:00:00-05:00,114.91,115.06,113.08,113.46,11229800,1.4585,116.05,114.59,BULLISH,116.14,183.58,1,1
2024-11-18 00:00:00-05:00,113.46,114.31,112.97,113.83,6166800,1.4057,116.19,114.56,BULLISH,116.51,184.17,1,1
2024-11-19 00:00:00-05:00,113.11,114.86,113.11,114.76,6906800,1.4468,116.08,114.54,BULLISH,117.45,185.68,2,2
2024-11-20 00:00:00-05:00,114.86,114.9,113.13,114.66,8874400,1.3983,115.73,114.53,BULLISH,117.35,185.52,1,2
2024-11-21 00:00:00-05:00,115.77,116.37,114.0,115.83,10591800,1.4468,115.53,114.65,BULLISH,118.53,187.41,3,2
2024-11-22 00:00:00-05:00,115.62,116.15,115.2,115.89,7090800,1.4241,115.41,114.76,BULLISH,118.59,187.51,2,1
2024-11-25 00:00:00-05:00,116.76,116.96,115.36,115.88,11137200,1.4454,115.27,114.83,BULLISH,118.59,187.5,2,1
2024-11-26 00:00:00-05:00,116.41,116.82,115.97,116.46,6229400,1.3933,115.24,114.94,BULLISH,119.18,188.44,2,2
2024-11-27 00:00:00-05:00,115.67,115.74,113.87,114.88,6369400,1.427,115.07,114.9,BULLISH,117.58,185.88,1,2
2024-11-29 00:00:00-05:00,115.15,116.19,115.04,115.95,4168400,1.4514,115.35,115.0,BULLISH,118.66,187.61,2,1
2024-12-02 00:00:00-05:00,116.04,117.49,116.01,117.05,9398200,1.4567,115.71,115.32,BULLISH,119.77,189.39,3,1
2024-12-03 00:00:00-05:00,116.56,117.5,116.33,117.47,5576000,1.4642,116.01,115.63,BULLISH,120.2,190.07,2,2
2024-12-04 00:00:00-05:00,118.94,119.68,118.6,119.62,10840000,1.4543,116.56,116.04,BULLISH,122.37,193.55,3,2
2024-12-05 00:00:00-05:00,119.43,119.57,118.85,119.02,5638000,1.4358,116.92,116.34,BULLISH,121.76,192.57,1,2
2024-12-06 00:00:00-05:00,119.23,119.99,119.1,119.48,6654200,1.3589,117.31,116.52,BULLISH,122.23,193.32,3,1
2024-12-09 00:00:00-05:00,119.03,119.46,118.4,118.7,8032400,1.3391,117.63,116.56,BULLISH,121.44,192.06,2,1
2024-12-10 00:00:00-05:00,118.3,118.62,116.68,117.05,11234400,1.3533,117.69,116.54,BULLISH,119.77,189.39,1,2
2024-12-11 00:00:00-05:00,117.98,119.13,117.57,118.75,8689600,1.338,118.12,116.62,BULLISH,121.49,192.14,2,2
2024-12-12 00:00:00-05:00,117.99,118.52,117.7,118.08,7218200,1.2275,118.36,116.66,BULLISH,120.82,191.06,0,2
2024-12-13 00:00:00-05:00,119.15,119.62,117.65,118.59,8677000,1.3001,118.53,116.75,BULLISH,121.33,191.88,3,1
2024-12-16 00:00:00-05:00,118.74,119.88,118.49,119.78,9442600,1.2845,118.79,116.91,BULLISH,122.53,193.8,3,1
2024-12-17 00:00:00-05:00,118.93,119.52,118.47,119.05,8145000,1.298,118.72,117.18,BULLISH,121.8,192.63,1,2
2024-12-18 00:00:00-05:00,119.45,119.78,114.94,115.21,16927200,1.5095,118.3,117.25,BULLISH,117.91,186.41,1,2
2024-12-19 00:00:00-05:00,116.38,116.76,115.19,115.34,13383400,1.5393,117.84,117.27,BULLISH,118.04,186.61,1,2
2024-12-20 00:00:00-05:00,114.55,118.0,114.2,117.06,14924800,1.7051,117.66,117.39,BULLISH,119.78,189.4,2,1
2024-12-23 00:00:00-05:00,117.39,118.35,116.77,118.3,7973400,1.734,117.8,117.51,BULLISH,121.03,191.41,2,1
2024-12-24 00:00:00-05:00,118.72,119.53,118.54,119.52,4653400,1.7267,117.88,117.68,BULLISH,122.27,193.38,2,2
2024-12-26 00:00:00-05:00,119.14,120.04,118.76,119.6,7150800,1.7669,118.05,117.86,BULLISH,122.35,193.51,3,2
2024-12-27 00:00:00-05:00,118.79,118.95,116.85,118.01,8726400,1.8529,117.98,117.93,BULLISH,120.74,190.94,2,1
2024-12-30 00:00:00-05:00,116.29,117.44,115.57,116.51,7950400,1.9105,117.62,118.01,BEARISH,119.22,188.51,1,1
2024-12-31 00:00:00-05:00,116.83,116.91,115.16,115.54,9381200,1.8965,117.23,117.99,BEARISH,118.24,186.94,2,2
2025-01-02 00:00:00-05:00,116.45,116.78,114.18,115.27,12766600,1.9716,117.24,117.9,BEARISH,117.97,186.5,2,2
2025-01-03 00:00:00-05:00,115.97,117.27,115.74,117.15,9117600,2.0221,117.44,117.89,BEARISH,119.87,189.54,2,1
2025-01-06 00:00:00-05:00,118.48,119.78,118.17,118.64,8975400,1.9968,117.61,117.84,BEARISH,121.37,191.95,1,1
2025-01-07 00:00:00-05:00,119.26,119.26,115.85,116.26,10006800,2.1411,117.39,117.71,BEARISH,118.97,188.1,2,2
2025-01-08 00:00:00-05:00,116.52,116.54,115.1,116.22,10023800,2.1696,117.02,117.55,BEARISH,118.93,188.04,2,2
2025-01-10 00:00:00-05:00,114.99,115.01,113.01,113.68,11665800,1.9671,116.36,117.31,BEARISH,116.36,183.94,2,1
2025-01-13 00:00:00-05:00,111.85,112.96,111.53,112.88,10656000,1.9566,115.79,117.12,BEARISH,115.55,182.63,1,1
2025-01-14 00:00:00-05:00,113.75,114.06,112.28,113.17,7220200,1.8126,115.42,116.85,BEARISH,115.85,183.12,2,2
2025-01-15 00:00:00-05:00,114.72,115.76,114.34,115.43,10465400,1.8013,115.41,116.72,BEARISH,118.13,186.76,2,2
2025-01-16 00:00:00-05:00,116.37,116.44,114.51,114.54,5368400,1.8687,115.33,116.53,BEARISH,117.23,185.32,1,2
2025-01-17 00:00:00-05:00,116.6,116.74,115.82,116.33,6742600,1.8432,115.24,116.37,BEARISH,119.04,188.22,2,1
2025-01-21 00:00:00-05:00,116.72,117.59,115.91,117.3,6744200,1.813,115.09,116.28,BEARISH,120.02,189.79,2,2
2025-01-22 00:00:00-05:00,118.88,120.23,118.72,119.95,10243800,1.7874,115.5,116.51,BEARISH,122.7,194.08,2,2
2025-01-23 00:00:00-05:00,119.02,120.19,118.91,120.16,7604400,1.7541,115.94,116.74,BEARISH,122.92,194.42,1,2
2025-01-24 00:00:00-05:00,120.54,120.54,118.53,118.91,6607600,1.7118,116.52,116.83,BEARISH,121.65,192.4,0,1
2025-01-27 00:00:00-05:00,113.58,114.78,112.04,113.08,20705600,1.7984,116.54,116.58,BEARISH,115.75,182.96,2,1
2025-01-28 00:00:00-05:00,113.85,116.36,112.64,116.1,11260600,1.9482,116.87,116.41,BULLISH,118.81,187.84,1,2
2025-01-29 00:00:00-05:00,115.87,115.92,114.03,115.15,9050000,1.8396,116.83,116.2,BULLISH,117.85,186.32,0,2
2025-01-30 00:00:00-05:00,114.95,115.76,114.16,115.37,8840200,1.851,116.93,116.08,BULLISH,118.07,186.66,1,2
2025-01-31 00:00:00-05:00,116.44,117.14,114.38,114.69,10741800,1.9046,116.74,115.99,BULLISH,117.38,185.57,1,1
2025-02-03 00:00:00-05:00,112.15,113.84,111.56,113.15,13752800,1.9656,116.28,115.88,BULLISH,115.82,183.07,1,1
2025-02-04 00:00:00-05:00,113.53,114.95,113.49,114.78,8371200,1.9422,115.71,115.85,BEARISH,117.47,185.71,2,2
2025-02-05 00:00:00-05:00,114.88,116.39,114.52,116.37,5398000,1.9748,115.29,115.82,BEARISH,119.08,188.29,1,2
2025-02-06 00:00:00-05:00,116.37,116.93,115.85,116.69,6808000,1.9138,115.04,115.72,BEARISH,119.4,188.8,2,2
2025-02-07 00:00:00-05:00,117.16,117.72,115.3,115.69,8552800,2.0206,115.33,115.7,BEARISH,118.39,187.19,1,1
2025-02-10 00:00:00-05:00,116.6,117.67,116.57,117.38,6054200,1.9795,115.47,115.75,BEARISH,120.1,189.92,1,1
2025-02-11 00:00:00-05:00,116.73,117.91,116.65,117.43,6456200,1.9614,115.73,115.93,BEARISH,120.16,190.01,2,2
2025-02-12 00:00:00-05:00,115.78,117.32,115.65,117.18,8555600,1.9894,115.93,116.13,BEARISH,119.9,189.6,1,2
2025-02-13 00:00:00-05:00,117.39,118.91,117.22,118.84,7829600,1.9663,116.39,116.4,BEARISH,121.58,192.28,1,2
2025-02-14 00:00:00-05:00,118.74,119.34,118.52,119.24,4557000,1.8293,117.07,116.59,BULLISH,121.99,192.93,2,1
2025-02-18 00:00:00-05:00,119.86,120.35,119.3,120.33,6024000,1.6387,117.68,116.86,BULLISH,123.09,194.69,3,2
2025-02-19 00:00:00-05:00,120.2,120.82,119.36,120.34,5604200,1.6082,118.12,117.05,BULLISH,123.1,194.71,2,2
2025-02-20 00:00:00-05:00,120.23,120.39,118.69,119.96,5987400,1.6146,118.49,117.18,BULLISH,122.71,194.09,2,2
2025-02-21 00:00:00-05:00,119.99,120.04,116.65,116.71,9057600,1.6604,118.6,117.03,BULLISH,119.42,188.83,1,1
2025-02-24 00:00:00-05:00,117.16,117.49,114.89,115.04,7447600,1.6827,118.34,116.78,BULLISH,117.74,186.13,0,1
2025-02-25 00:00:00-05:00,114.79,114.9,112.77,113.55,10433600,1.7303,117.91,116.53,BULLISH,116.23,183.72,1,2
2025-02-26 00:00:00-05:00,114.66,115.87,113.91,114.78,7630600,1.7363,117.64,116.61,BULLISH,117.48,185.72,1,2
2025-02-27 00:00:00-05:00,115.41,115.53,110.56,110.61,10100000,2.0149,116.73,116.35,BULLISH,113.25,178.96,1,2
2025-02-28 00:00:00-05:00,110.11,112.18,109.17,112.07,14172200,2.0572,115.93,116.2,BEARISH,114.73,181.32,3,1
2025-03-03 00:00:00-05:00,112.64,112.87,107.85,108.66,12516200,2.3369,114.63,115.88,BEARISH,111.28,175.81,1,1
2025-03-04 00:00:00-05:00,107.85,110.49,106.47,108.57,17721000,2.5346,113.33,115.59,BEARISH,111.19,175.67,2,2
2025-03-05 00:00:00-05:00,108.91,110.46,107.45,110.1,11931000,2.63,112.23,115.44,BEARISH,112.74,178.14,2,2
2025-03-06 00:00:00-05:00,107.84,109.54,106.53,107.04,16432000,2.7248,111.16,115.08,BEARISH,109.65,173.2,2,2
2025-03-07 00:00:00-05:00,106.92,108.87,105.66,108.59,11263400,2.8955,110.44,114.7,BEARISH,111.21,175.7,2,1
2025-03-10 00:00:00-04:00,106.45,106.65,102.9,103.98,21561800,3.0886,109.38,114.1,BEARISH,106.54,168.24,2,1
2025-03-11 00:00:00-04:00,103.66,105.3,102.51,103.55,14832800,3.1837,108.13,113.52,BEARISH,106.11,167.55,1,2
2025-03-12 00:00:00-04:00,105.4,106.1,103.93,105.18,10981600,3.2178,107.53,112.94,BEARISH,107.76,170.19,2,2
2025-03-13 00:00:00-04:00,104.88,105.12,102.78,103.19,12383000,3.1419,106.54,112.26,BEARISH,105.74,166.96,2,2
2025-03-14 00:00:00-04:00,104.54,106.42,104.5,106.31,10040800,3.0932,106.28,111.74,BEARISH,108.9,172.01,1,1
2025-03-17 00:00:00-04:00,106.22,107.81,105.92,107.05,10148800,3.0765,106.11,111.18,BEARISH,109.65,173.2,2,1
2025-03-18 00:00:00-04:00,106.29,106.4,105.03,105.42,11486600,3.034,105.59,110.53,BEARISH,108.0,170.57,2,2
2025-03-19 00:00:00-04:00,105.96,108.04,105.52,106.79,8838600,2.859,105.56,109.88,BEARISH,109.39,172.79,1,2
2025-03-20 00:00:00-04:00,105.58,107.2,105.42,106.03,7145200,2.771,105.28,109.2,BEARISH,108.62,171.56,0,2
2025-03-21 00:00:00-04:00,104.71,106.46,104.32,106.32,10425400,2.5654,105.54,108.55,BEARISH,108.91,172.02,2,1
2025-03-24 00:00:00-04:00,108.09,108.59,107.8,108.33,8200200,2.3341,106.07,108.15,BEARISH,110.95,175.28,1,1
2025-03-25 00:00:00-04:00,108.26,108.83,108.21,108.69,7481800,2.1642,106.46,107.85,BEARISH,111.31,175.86,1,2
2025-03-26 00:00:00-04:00,108.36,108.61,105.85,106.27,7873000,2.1464,106.8,107.5,BEARISH,108.86,171.94,2,2
2025-03-27 00:00:00-04:00,105.54,106.14,104.73,105.28,6577800,2.0178,106.69,107.05,BEARISH,107.87,170.35,1,2
2025-03-28 00:00:00-04:00,104.74,105.16,102.38,102.73,10667600,1.9486,106.21,106.67,BEARISH,105.28,166.22,2,1
2025-03-31 00:00:00-04:00,100.94,103.01,99.92,102.78,14219000,1.9702,105.91,106.23,BEARISH,105.33,166.3,3,1
2025-04-01 00:00:00-04:00,102.37,103.62,101.54,103.53,9480200,1.9641,105.55,105.99,BEARISH,106.09,167.52,2,2
2025-04-02 00:00:00-04:00,102.05,105.16,101.97,104.3,9292000,2.0252,105.36,105.78,BEARISH,106.87,168.76,2,2
2025-04-03 00:00:00-04:00,99.3,99.9,97.1,97.18,19451400,2.0887,104.34,105.17,BEARISH,99.66,157.24,2,2
2025-04-04 00:00:00-04:00,94.15,94.9,90.74,90.78,33804600,2.25,102.39,104.39,BEARISH,93.18,146.88,2,1
2025-04-07 00:00:00-04:00,87.08,95.48,85.84,91.32,44557800,2.8408,100.46,103.57,BEARISH,93.73,147.76,3,1
2025-04-08 00:00:00-04:00,94.72,95.99,87.83,89.47,25811400,3.2436,98.6,102.88,BEARISH,91.85,144.76,1,2
2025-04-09 00:00:00-04:00,89.65,102.03,89.54,101.48,36988800,4.0093,98.17,102.78,BEARISH,104.01,164.19,2,2
2025-04-10 00:00:00-04:00,97.99,98.66,93.45,96.75,19747600,4.2286,97.51,102.38,BEARISH,99.23,156.55,1,2
2025-04-11 00:00:00-04:00,96.27,99.16,95.55,98.73,14423200,4.4302,97.06,102.17,BEARISH,101.23,159.75,1,1
2025-04-14 00:00:00-04:00,101.8,101.86,98.56,99.64,11904400,4.6211,96.63,101.85,BEARISH,102.15,161.21,1,1
2025-04-15 00:00:00-04:00,99.79,100.76,99.53,100.0,7200000,4.5109,96.15,101.52,BEARISH,102.51,161.8,1,2
2025-04-16 00:00:00-04:00,97.32,98.35,94.85,96.52,13222400,4.6606,96.08,101.09,BEARISH,99.0,156.18,1,2
2025-04-17 00:00:00-04:00,97.22,97.22,95.59,96.0,7480800,4.5781,96.66,100.58,BEARISH,98.47,155.33,1,2
2025-04-21 00:00:00-04:00,94.48,94.72,92.18,93.52,8973400,4.5383,96.9,99.98,BEARISH,95.96,151.32,2,1
2025-04-22 00:00:00-04:00,94.77,96.35,94.21,95.8,9312800,4.5422,97.61,99.48,BEARISH,98.26,155.01,3,2
2025-04-23 00:00:00-04:00,99.48,100.53,98.18,98.58,13413800,4.4825,97.28,99.02,BEARISH,101.08,159.5,2,2
2025-04-24 00:00:00-04:00,99.55,102.4,99.39,102.26,9317000,4.4971,97.9,98.71,BEARISH,104.8,165.45,1,2
2025-04-25 00:00:00-04:00,101.95,103.97,101.85,103.77,6518400,4.3516,98.45,98.59,BEARISH,106.33,167.9,1,1
2025-04-28 00:00:00-04:00,103.64,104.15,102.05,103.6,5574400,3.813,98.9,98.51,BULLISH,106.16,167.63,1,1
2025-04-29 00:00:00-04:00,103.1,104.52,103.1,104.09,9144400,3.3308,99.35,98.58,BULLISH,106.65,168.41,3,2
2025-04-30 00:00:00-04:00,102.04,104.91,101.45,104.52,10203800,2.6852,100.24,98.66,BULLISH,107.09,169.11,3,2
2025-05-01 00:00:00-04:00,106.8,107.79,105.96,106.05,11532800,2.4441,101.35,98.78,BULLISH,108.64,171.59,3,2
2025-05-02 00:00:00-04:00,107.27,108.33,106.98,107.82,8125400,2.2827,102.94,98.95,BULLISH,110.44,174.46,2,1
2025-05-05 00:00:00-04:00,106.9,108.02,106.84,107.25,6757000,2.1308,104.22,99.43,BULLISH,109.86,173.53,1,1
2025-05-06 00:00:00-04:00,105.66,107.14,105.33,106.36,7958200,2.1724,105.08,100.17,BULLISH,108.95,172.09,2,2
2025-05-07 00:00:00-04:00,106.36,107.89,105.63,107.43,8169400,2.0839,105.65,100.94,BULLISH,110.03,173.81,3,2
2025-05-08 00:00:00-04:00,108.49,109.48,107.52,108.45,8704400,2.1077,106.17,101.84,BULLISH,111.07,175.47,3,2
2025-05-09 00:00:00-04:00,108.93,109.13,107.76,108.32,7330000,2.0245,106.7,102.16,BULLISH,110.93,175.26,1,1
2025-05-12 00:00:00-04:00,112.91,113.38,111.77,113.34,13478200,1.9868,107.73,102.95,BULLISH,116.02,183.39,3,1
2025-05-13 00:00:00-04:00,113.75,116.17,113.62,115.79,12757200,2.0011,108.98,103.77,BULLISH,118.5,187.35,2,2
2025-05-14 00:00:00-04:00,116.34,117.0,115.86,116.54,10248000,1.8677,110.15,104.57,BULLISH,119.26,188.57,2,2
2025-05-15 00:00:00-04:00,115.91,117.36,115.77,116.7,9536400,1.83,111.13,105.37,BULLISH,119.42,188.83,2,2
2025-05-16 00:00:00-04:00,117.08,117.08,115.91,116.92,8111600,1.7639,112.21,106.34,BULLISH,119.64,189.18,2,1
2025-05-19 00:00:00-04:00,115.2,117.02,115.16,116.75,11863000,1.7959,113.36,107.33,BULLISH,119.47,188.91,2,1
2025-05-20 00:00:00-04:00,116.03,116.34,115.43,116.32,10273200,1.6132,114.35,108.41,BULLISH,119.03,188.2,1,2
2025-05-21 00:00:00-04:00,115.23,116.83,113.67,114.13,18643600,1.7081,114.98,109.29,BULLISH,116.82,184.66,1,2
2025-05-22 00:00:00-04:00,114.19,115.19,113.91,114.16,11372000,1.7031,115.63,110.03,BULLISH,116.85,184.71,1,2
2025-05-23 00:00:00-04:00,112.17,113.64,112.05,112.9,12004000,1.7326,115.58,110.53,BULLISH,115.57,182.67,1,1
2025-05-27 00:00:00-04:00,114.66,115.74,114.27,115.58,14208400,1.7084,115.56,111.1,BULLISH,118.29,187.01,3,2
2025-05-28 00:00:00-04:00,115.72,116.19,114.94,115.11,10789200,1.6359,115.4,111.64,BULLISH,117.8,186.24,0,2
2025-05-29 00:00:00-04:00,116.85,116.97,114.71,115.3,14011800,1.6576,115.24,112.18,BULLISH,118.0,186.56,3,2
2025-05-30 00:00:00-04:00,115.25,115.3,113.2,114.94,13494000,1.7092,115.02,112.68,BULLISH,117.64,185.98,0,1
2025-06-02 00:00:00-04:00,114.64,116.03,114.5,115.96,12878800,1.7031,114.93,113.15,BULLISH,118.66,187.62,2,1
2025-06-03 00:00:00-04:00,116.11,117.79,116.03,117.7,14312400,1.6469,115.09,113.62,BULLISH,120.43,190.44,3,2
2025-06-04 00:00:00-04:00,117.85,118.24,117.29,117.87,10899200,1.6334,115.5,114.12,BULLISH,120.6,190.72,2,2
2025-06-05 00:00:00-04:00,118.22,119.25,117.03,117.54,15885200,1.6786,115.88,114.66,BULLISH,120.27,190.18,2,2
2025-06-06 00:00:00-04:00,118.68,119.2,118.31,118.65,9026000,1.6583,116.52,115.19,BULLISH,121.39,191.98,2,1
2025-06-09 00:00:00-04:00,119.11,119.97,119.02,119.23,11100600,1.5929,116.92,115.7,BULLISH,121.98,192.92,3,1
2025-06-10 00:00:00-04:00,119.21,120.08,118.76,119.9,9831600,1.6224,117.45,116.25,BULLISH,122.65,194.0,2,2
2025-06-11 00:00:00-04:00,120.19,120.68,119.02,119.64,9599600,1.5147,117.94,116.55,BULLISH,122.39,193.57,1,2
2025-06-12 00:00:00-04:00,119.61,121.02,119.59,120.75,11210400,1.5257,118.58,116.79,BULLISH,123.51,195.37,3,2
2025-06-13 00:00:00-04:00,119.35,120.26,118.62,119.05,13193800,1.5296,118.93,116.91,BULLISH,121.8,192.63,2,1
2025-06-16 00:00:00-04:00,119.77,121.34,119.77,120.98,13866200,1.5367,119.29,117.11,BULLISH,123.75,195.75,3,1
2025-06-17 00:00:00-04:00,120.47,121.32,119.84,120.12,10525400,1.5534,119.54,117.27,BULLISH,122.88,194.36,1,2
2025-06-18 00:00:00-04:00,120.42,121.02,119.66,120.27,11066000,1.4898,119.84,117.43,BULLISH,123.03,194.59,3,2
2025-06-20 00:00:00-04:00,120.7,121.1,119.17,119.74,11490600,1.478,119.96,117.6,BULLISH,122.49,193.73,1,1
2025-06-23 00:00:00-04:00,119.85,121.21,119.04,121.1,12277000,1.5235,120.17,117.93,BULLISH,123.87,195.94,3,1
2025-06-24 00:00:00-04:00,122.33,123.42,122.19,123.27,11329400,1.4859,120.55,118.36,BULLISH,126.07,199.46,2,2
2025-06-25 00:00:00-04:00,123.91,124.51,123.8,124.33,9228600,1.4686,121.07,118.91,BULLISH,127.13,201.16,2,2
2025-06-26 00:00:00-04:00,124.88,125.38,124.39,125.18,11288400,1.3809,121.56,119.36,BULLISH,128.0,202.55,3,2
2025-06-27 00:00:00-04:00,125.52,126.0,124.47,125.03,12196600,1.4273,122.23,119.84,BULLISH,127.85,202.31,2,1
2025-06-30 00:00:00-04:00,126.13,126.61,125.52,126.26,13365200,1.437,122.81,120.36,BULLISH,129.09,204.29,3,1
2025-07-01 00:00:00-04:00,125.86,126.12,124.28,125.13,15144800,1.4749,123.37,120.84,BULLISH,127.95,202.47,2,2
2025-07-02 00:00:00-04:00,124.82,126.54,124.73,126.46,11950200,1.4858,124.06,121.34,BULLISH,129.28,204.6,2,2
2025-07-03 00:00:00-04:00,127.14,128.5,127.09,128.12,7112800,1.4842,124.99,121.84,BULLISH,130.97,207.3,2,2
2025-07-07 00:00:00-04:00,127.63,127.96,126.54,127.1,11560800,1.4687,125.65,122.28,BULLISH,129.94,205.65,2,1
2025-07-08 00:00:00-04:00,127.77,128.03,127.26,127.79,15715200,1.4119,126.16,122.77,BULLISH,130.63,206.76,3,2
2025-07-09 00:00:00-04:00,128.24,129.04,127.6,128.55,12933600,1.4085,126.63,123.24,BULLISH,131.4,208.0,2,2
2025-07-10 00:00:00-04:00,128.87,128.99,127.46,128.13,9988600,1.4201,126.95,123.66,BULLISH,130.98,207.32,1,2
2025-07-11 00:00:00-04:00,127.52,128.32,127.36,127.57,9239000,1.3501,127.23,124.03,BULLISH,130.41,206.4,1,1
2025-07-14 00:00:00-04:00,127.25,127.78,126.25,127.46,8125200,1.3049,127.37,124.4,BULLISH,130.3,206.23,1,1
2025-07-15 00:00:00-04:00,128.95,129.25,128.55,128.59,15657000,1.2668,127.75,124.77,BULLISH,131.45,208.07,3,2
2025-07-16 00:00:00-04:00,128.64,129.07,127.05,128.99,17782600,1.3605,128.03,125.25,BULLISH,131.85,208.71,3,2
2025-07-17 00:00:00-04:00,129.15,130.37,128.89,130.17,11955000,1.395,128.26,125.68,BULLISH,133.03,210.61,2,2
2025-07-18 00:00:00-04:00,130.66,130.71,129.73,130.08,10281000,1.3551,128.59,126.16,BULLISH,132.95,210.47,1,1
2025-07-21 00:00:00-04:00,130.22,131.14,130.08,130.25,9246600,1.3537,128.87,126.63,BULLISH,133.12,210.74,2,1
2025-07-22 00:00:00-04:00,130.15,130.24,128.12,129.04,13448800,1.3736,128.92,127.08,BULLISH,131.9,208.79,2,2
2025-07-23 00:00:00-04:00,129.38,129.95,128.61,129.78,10091800,1.3402,129.1,127.49,BULLISH,132.64,209.99,2,2
2025-07-24 00:00:00-04:00,130.1,130.58,129.6,130.33,12159600,1.3099,129.41,127.83,BULLISH,133.2,210.87,3,2
2025-07-25 00:00:00-04:00,130.29,130.96,130.02,130.63,8002000,1.275,129.76,128.13,BULLISH,133.5,211.36,2,1
2025-07-28 00:00:00-04:00,131.13,131.71,130.86,131.67,11517600,1.2803,130.1,128.44,BULLISH,134.56,213.04,3,1
2025-07-29 00:00:00-04:00,132.53,133.26,131.45,131.68,13739000,1.307,130.4,128.75,BULLISH,134.56,213.05,3,2
2025-07-30 00:00:00-04:00,131.82,132.42,130.93,131.97,13934600,1.3038,130.6,129.02,BULLISH,134.86,213.53,3,2
2025-07-31 00:00:00-04:00,133.63,133.63,130.36,131.0,16414400,1.4691,130.71,129.3,BULLISH,133.88,211.96,2,2
2025-08-01 00:00:00-04:00,129.58,129.62,127.53,128.18,19438000,1.509,130.48,129.39,BULLISH,131.02,207.39,1,1
2025-08-04 00:00:00-04:00,129.38,130.8,129.38,130.78,12377000,1.5603,130.67,129.51,BULLISH,133.65,211.6,2,1
2025-08-05 00:00:00-04:00,131.26,131.38,129.4,129.7,11176000,1.5574,130.66,129.64,BULLISH,132.56,209.85,0,2
2025-08-06 00:00:00-04:00,129.82,131.33,129.74,131.16,10167000,1.5656,130.75,129.8,BULLISH,134.04,212.21,2,2
2025-08-07 00:00:00-04:00,132.62,132.83,130.18,131.28,10318000,1.6849,130.82,129.93,BULLISH,134.16,212.41,3,2
2025-08-08 00:00:00-04:00,131.77,132.74,131.43,132.59,11015800,1.7027,130.92,130.14,BULLISH,135.48,214.53,3,1
2025-08-11 00:00:00-04:00,132.5,133.1,131.39,131.69,9425400,1.6735,130.93,130.33,BULLISH,134.58,213.08,1,1
2025-08-12 00:00:00-04:00,132.35,133.76,131.62,133.73,11153800,1.7312,131.12,130.63,BULLISH,136.64,216.38,3,2
2025-08-13 00:00:00-04:00,134.5,134.65,133.29,133.78,13990200,1.7576,131.43,130.88,BULLISH,136.69,216.46,3,2
2025-08-14 00:00:00-04:00,133.1,133.95,132.79,133.49,15484400,1.7732,132.02,131.09,BULLISH,136.39,215.99,2,2
2025-08-15 00:00:00-04:00,133.31,133.31,131.95,132.48,13373200,1.8099,132.21,131.2,BULLISH,135.37,214.35,1,1
2025-08-18 00:00:00-04:00,132.31,132.88,132.18,132.76,12233800,1.7305,132.55,131.33,BULLISH,135.66,214.81,2,1
2025-08-19 00:00:00-04:00,132.71,132.74,130.2,130.44,17367000,1.806,132.47,131.34,BULLISH,133.32,211.06,1,2
2025-08-20 00:00:00-04:00,130.12,130.12,127.56,129.56,23064200,1.7551,132.28,131.37,BULLISH,132.42,209.63,1,2
2025-08-21 00:00:00-04:00,129.25,129.77,128.53,129.09,15148600,1.6938,131.89,131.33,BULLISH,131.95,208.87,0,2
2025-08-22 00:00:00-04:00,128.95,131.7,128.59,130.84,13756000,1.8138,131.8,131.36,BULLISH,133.72,211.7,1,1
2025-08-25 00:00:00-04:00,130.84,131.37,130.19,130.55,10691800,1.7565,131.44,131.35,BULLISH,133.42,211.23,0,1
2025-08-26 00:00:00-04:00,130.66,131.32,130.47,131.15,11081000,1.7038,131.15,131.33,BEARISH,134.03,212.2,3,2
2025-08-27 00:00:00-04:00,131.28,132.0,130.67,131.86,11538600,1.6098,130.97,131.34,BEARISH,134.74,213.34,2,2
2025-08-28 00:00:00-04:00,132.01,133.18,131.36,132.9,12380600,1.6465,131.02,131.38,BEARISH,135.8,215.03,2,2
2025-08-29 00:00:00-04:00,132.31,132.34,130.38,130.86,17481200,1.6639,130.81,131.37,BEARISH,133.73,211.73,1,1
2025-09-02 00:00:00-04:00,128.54,129.66,127.78,129.54,18226000,1.6443,130.7,131.44,BEARISH,132.4,209.59,2,2
2025-09-03 00:00:00-04:00,130.2,130.57,129.34,130.31,15636600,1.6354,130.79,131.42,BEARISH,133.18,210.84,2,2
2025-09-04 00:00:00-04:00,129.78,131.01,129.25,130.95,24397400,1.6785,130.99,131.48,BEARISH,133.83,211.88,3,2
2025-09-05 00:00:00-04:00,132.19,132.24,129.73,131.06,38561800,1.7608,131.02,131.47,BEARISH,133.94,212.06,2,1
2025-09-08 00:00:00-04:00,131.75,132.52,131.72,132.04,20556000,1.7683,131.18,131.51,BEARISH,134.93,213.65,1,1
2025-09-09 00:00:00-04:00,132.34,132.44,131.36,132.3,19355000,1.6636,131.31,131.49,BEARISH,135.19,214.06,1,2
2025-09-10 00:00:00-04:00,134.98,135.6,134.05,134.7,25957200,1.592,131.63,131.64,BEARISH,137.61,217.94,2,2
2025-09-11 00:00:00-04:00,135.54,135.73,134.93,135.15,23429200,1.5613,131.88,131.71,BULLISH,138.07,218.67,2,2
2025-09-12 00:00:00-04:00,135.42,135.55,134.77,135.06,15612200,1.3954,132.35,131.77,BULLISH,137.98,218.53,1,1
2025-09-15 00:00:00-04:00,135.28,136.31,135.11,136.28,16268000,1.3968,133.1,131.9,BULLISH,139.21,220.5,3,1
2025-09-16 00:00:00-04:00,136.59,136.69,135.64,135.8,16081400,1.4107,133.71,132.06,BULLISH,138.73,219.73,1,2
2025-09-17 00:00:00-04:00,135.71,135.88,133.93,135.34,18948600,1.4545,134.19,132.18,BULLISH,138.26,218.97,2,2
2025-09-18 00:00:00-04:00,137.09,138.08,136.43,137.67,20882600,1.442,134.93,132.52,BULLISH,140.62,222.76,3,2
2025-09-19 00:00:00-04:00,138.23,139.2,137.78,139.07,15670800,1.4036,135.71,132.98,BULLISH,142.03,225.02,2,1
2025-09-22 00:00:00-04:00,138.86,141.23,138.81,141.12,15771200,1.4426,136.69,133.55,BULLISH,144.1,228.33,3,1
2025-09-23 00:00:00-04:00,140.92,141.15,139.28,139.9,16456400,1.4884,137.27,133.98,BULLISH,142.87,226.35,2,2
2025-09-24 00:00:00-04:00,140.27,140.27,138.11,139.03,13471000,1.5174,137.7,134.38,BULLISH,142.0,224.96,1,2
2025-09-25 00:00:00-04:00,137.77,139.13,136.92,138.79,21349600,1.4962,138.11,134.75,BULLISH,141.75,224.56,2,2
2025-09-26 00:00:00-04:00,138.94,139.33,137.98,139.21,16534000,1.5355,138.44,135.1,BULLISH,142.17,225.24,2,1
2025-09-29 00:00:00-04:00,140.01,140.75,139.63,139.95,16107400,1.5385,138.9,135.43,BULLISH,142.93,226.44,2,1
2025-09-30 00:00:00-04:00,139.95,140.86,139.66,140.72,18215200,1.5133,139.5,135.9,BULLISH,143.7,227.68,3,2
2025-10-01 00:00:00-04:00,140.0,142.19,139.96,142.09,17411200,1.6157,139.99,136.5,BULLISH,145.09,229.91,2,2
2025-10-02 00:00:00-04:00,143.42,143.45,142.22,142.86,17607800,1.6479,140.41,137.1,BULLISH,145.87,231.15,3,2
2025-10-03 00:00:00-04:00,142.99,143.72,141.66,142.14,17458000,1.7101,140.52,137.63,BULLISH,145.14,229.99,1,1
2025-10-06 00:00:00-04:00,144.06,144.5,143.51,143.58,17945600,1.7062,140.93,138.23,BULLISH,146.59,232.32,3,1
2025-10-07 00:00:00-04:00,144.32,144.53,141.87,142.62,15588400,1.7574,141.33,138.73,BULLISH,145.62,230.77,1,2
2025-10-08 00:00:00-04:00,142.95,145.13,142.88,145.12,14037800,1.8004,142.03,139.34,BULLISH,148.15,234.81,2,2
2025-10-09 00:00:00-04:00,145.06,145.19,144.13,144.88,11989400,1.7748,142.66,139.83,BULLISH,147.91,234.42,1,2
2025-10-10 00:00:00-04:00,145.18,145.45,138.93,138.98,44574600,2.0676,142.56,140.01,BULLISH,141.95,224.88,1,1
2025-10-13 00:00:00-04:00,142.15,142.84,141.34,142.37,22030400,2.0412,142.74,140.36,BULLISH,145.37,230.35,1,1
2025-10-14 00:00:00-04:00,140.5,141.97,138.91,140.54,26956800,2.1054,142.57,140.56,BULLISH,143.52,227.4,1,2
2025-10-15 00:00:00-04:00,142.51,143.07,140.19,141.93,20937600,2.1532,142.47,140.85,BULLISH,144.93,229.65,1,2
2025-10-16 00:00:00-04:00,142.96,143.59,141.07,142.04,23166200,2.2366,142.45,141.17,BULLISH,145.03,229.82,2,2
2025-10-17 00:00:00-04:00,141.2,142.71,140.3,142.29,25511600,2.3293,142.31,141.39,BULLISH,145.29,230.22,2,1
2025-10-20 00:00:00-04:00,143.1,144.49,143.02,143.88,13805200,2.3489,142.45,141.62,BULLISH,146.89,232.79,2,1
2025-10-21 00:00:00-04:00,143.79,144.47,143.26,143.95,12503800,2.2755,142.32,141.76,BULLISH,146.97,232.91,2,2
2025-10-22 00:00:00-04:00,143.89,144.2,140.74,142.53,20723200,2.4352,142.06,141.88,BULLISH,145.53,230.61,2,2
2025-10-23 00:00:00-04:00,141.97,144.56,141.97,144.33,11923400,2.4723,142.65,142.13,BULLISH,147.35,233.52,2,2
2025-10-24 00:00:00-04:00,146.03,147.06,145.81,146.57,14359600,2.4905,143.12,142.5,BULLISH,149.61,237.15,3,1
2025-10-27 00:00:00-04:00,148.62,149.4,148.38,149.27,15167000,2.3732,144.09,142.98,BULLISH,152.34,241.52,3,1
2025-10-28 00:00:00-04:00,150.0,151.34,149.48,150.75,15055200,2.345,145.07,143.5,BULLISH,153.84,243.92,2,2
2025-10-29 00:00:00-04:00,152.12,152.76,150.71,151.83,21506200,2.416,146.16,144.03,BULLISH,154.93,245.67,3,2
2025-10-30 00:00:00-04:00,150.97,151.75,149.92,149.97,19218600,2.0811,147.01,144.4,BULLISH,153.04,242.65,1,2
2025-10-31 00:00:00-04:00,151.48,151.59,149.24,150.11,16303800,2.1414,147.7,144.75,BULLISH,153.19,242.88,2,1
2025-11-03 00:00:00-05:00,151.55,151.88,149.9,150.73,13983600,2.0637,148.45,145.16,BULLISH,153.81,243.88,2,1
2025-11-04 00:00:00-05:00,148.0,148.97,146.5,146.75,16722600,2.0341,148.92,145.31,BULLISH,149.79,237.44,1,2
2025-11-05 00:00:00-05:00,146.49,148.51,146.26,147.32,14447000,2.0148,149.26,145.53,BULLISH,150.37,238.37,1,2
2025-11-06 00:00:00-05:00,147.09,147.25,143.62,144.36,24797400,2.1015,149.01,145.49,BULLISH,147.38,233.58,1,2
2025-11-07 00:00:00-05:00,143.13,143.9,140.59,143.86,25547000,2.2327,148.41,145.45,BULLISH,146.88,232.77,1,1
2025-11-10 00:00:00-05:00,146.43,147.82,145.67,147.54,18286400,2.2997,148.05,145.85,BULLISH,150.59,238.72,1,1
2025-11-11 00:00:00-05:00,146.57,146.83,145.31,146.28,14871600,2.161,147.44,146.04,BULLISH,149.32,236.69,0,2
2025-11-12 00:00:00-05:00,147.51,147.51,145.85,146.74,13179200,2.0943,147.08,146.33,BULLISH,149.78,237.42,1,2
2025-11-13 00:00:00-05:00,145.92,146.12,142.3,143.08,22385800,2.278,146.3,146.39,BEARISH,146.08,231.5,2,2
2025-11-14 00:00:00-05:00,140.44,145.16,139.93,143.86,27429600,2.5786,145.53,146.48,BEARISH,146.87,232.76,3,1
2025-11-17 00:00:00-05:00,142.51,144.07,140.46,141.61,24675400,2.7034,144.96,146.44,BEARISH,144.6,229.12,1,1
2025-11-18 00:00:00-05:00,140.38,141.11,138.03,139.3,36747600,2.7765,144.07,146.23,BEARISH,142.27,225.39,2,2
2025-11-19 00:00:00-05:00,139.31,141.84,138.95,140.27,27668800,2.8521,143.62,146.05,BEARISH,143.25,226.96,2,2
2025-11-20 00:00:00-05:00,143.5,144.04,135.55,135.87,56551800,3.2904,142.73,145.73,BEARISH,138.8,219.84,2,2
2025-11-21 00:00:00-05:00,136.09,138.21,133.54,136.39,44959000,3.4829,141.49,145.36,BEARISH,139.33,220.68,2,1
2025-11-24 00:00:00-05:00,137.31,140.14,137.23,139.64,20124800,3.5143,140.75,145.03,BEARISH,142.61,225.94,2,1
2025-11-25 00:00:00-05:00,138.42,140.38,136.45,140.02,21303400,3.6341,140.0,144.58,BEARISH,142.99,226.55,2,2
2025-11-26 00:00:00-05:00,141.67,142.28,140.58,141.68,13358800,3.4965,139.85,144.15,BEARISH,144.67,229.23,1,2
2025-11-28 00:00:00-05:00,141.97,142.92,141.59,142.89,6792200,3.3549,139.74,143.73,BEARISH,145.9,231.2,1,1
2025-12-01 00:00:00-05:00,141.51,143.39,141.07,142.96,12846600,3.367,139.89,143.39,BEARISH,145.96,231.31,2,1
2025-12-02 00:00:00-05:00,143.85,145.29,143.43,144.43,15719000,3.3916,140.46,143.12,BEARISH,147.45,233.69,2,2
2025-12-03 00:00:00-05:00,143.73,144.88,143.01,144.78,11623200,3.4066,140.96,142.84,BEARISH,147.8,234.25,1,2
2025-12-04 00:00:00-05:00,144.97,145.57,144.28,145.31,9995200,3.2265,142.01,142.77,BEARISH,148.34,235.12,1,2
2025-12-05 00:00:00-05:00,145.99,147.09,145.47,146.38,6628000,2.9687,143.12,142.73,BULLISH,149.42,236.84,2,1
2025-12-08 00:00:00-05:00,147.21,148.16,146.7,147.41,8272800,2.8154,143.98,142.87,BULLISH,150.46,238.5,3,1
2025-12-09 00:00:00-05:00,147.12,148.03,146.74,147.8,6978200,2.6874,144.85,143.06,BULLISH,150.85,239.13,2,2
2025-12-10 00:00:00-05:00,147.47,148.99,146.6,148.5,8961100,2.652,145.61,143.1,BULLISH,151.57,240.28,3,2
2025-12-11 00:00:00-05:00,146.84,147.91,144.89,147.75,9769300,2.2616,146.15,143.17,BULLISH,150.8,239.05,2,2
2025-12-12 00:00:00-05:00,146.72,146.86,143.04,143.47,14873200,2.2002,146.2,143.02,BULLISH,146.48,232.14,1,1
2025-12-15 00:00:00-05:00,144.2,144.41,141.8,142.08,10790300,2.1785,145.94,142.97,BULLISH,145.08,229.89,0,1
2025-12-16 00:00:00-05:00,141.7,142.75,141.09,142.34,10790900,2.0169,145.67,142.9,BULLISH,145.34,230.31,2,2
2025-12-17 00:00:00-05:00,142.5,142.62,139.11,139.18,18178700,2.1464,144.99,142.78,BULLISH,142.14,225.19,1,2
2025-12-18 00:00:00-05:00,141.65,142.2,140.58,141.33,12319500,2.1678,144.43,142.88,BULLISH,144.31,228.66,1,2
2025-12-19 00:00:00-05:00,142.37,144.4,142.35,144.38,14265900,2.1485,144.09,143.08,BULLISH,147.4,233.61,3,1
2025-12-22 00:00:00-05:00,146.01,146.01,144.65,145.16,8864500,2.1123,143.8,143.52,BULLISH,148.19,234.87,2,1
2025-12-23 00:00:00-05:00,144.74,145.98,144.36,145.95,7546100,2.095,143.52,143.97,BEARISH,148.99,236.15,1,2
2025-12-24 00:00:00-05:00,145.79,146.5,145.68,146.3,3676300,2.0609,143.36,144.29,BEARISH,149.34,236.71,1,2
2025-12-26 00:00:00-05:00,146.61,146.98,146.24,146.53,5052900,1.9982,143.69,144.6,BEARISH,149.57,237.09,2,1
2025-12-29 00:00:00-05:00,145.35,146.38,145.04,145.87,9822300,1.9898,144.12,144.8,BEARISH,148.91,236.02,1,1
2025-12-30 00:00:00-05:00,145.85,146.26,145.38,145.41,6387400,1.9606,144.46,144.92,BEARISH,148.44,235.27,0,2
2025-12-31 00:00:00-05:00,145.71,145.8,143.9,143.97,9528400,1.9252,144.99,144.97,BULLISH,146.99,232.94,1,2
2026-01-02 00:00:00-05:00,145.63,146.52,143.41,144.3,15299500,1.9319,145.32,144.96,BULLISH,147.32,233.48,2,1
2026-01-05 00:00:00-05:00,146.01,146.39,144.25,144.62,17476300,1.8123,145.35,144.95,BULLISH,147.64,234.0,2,1
2026-01-06 00:00:00-05:00,145.21,146.77,144.63,146.65,14985700,1.779,145.51,145.02,BULLISH,149.69,237.28,2,2
2026-01-07 00:00:00-05:00,146.53,147.38,146.04,146.43,11679204,1.7556,145.56,145.02,BULLISH,149.47,236.92,1,2
